file_path,file_name,format,width,height,aspect_ratio,file_size_bytes,page_or_component_uses,alt_texts,number_of_uses,public_route_count,unique_or_reused,is_category_fallback,used_in_open_graph,exact_duplicate_group,near_duplicate_groups,dominant_colours,palette_flags,status,phase_1_status,phase_1_note,topic_relevance,realism,colour_visual_interest,composition,technical_quality,brand_suitability,average_score,assessment_notes
public/images/air-conditioning-buying-guide.webp,air-conditioning-buying-guide.webp,webp,1600,720,2.2222,101188,"route /categories/living-spaces/ [inline] alt=""A summer living room with a wall-mounted reverse-cycle air conditioner, ceiling fan and shaded windows"" || route /guides/air-conditioning-buying-guide/ [hero] alt=""A summer living room with a wall-mounted reverse-cycle air conditioner, ceiling fan and shaded windows"" || route /guides/air-conditioning-buying-guide/ [open_graph] alt=""A summer living room with a wall-mounted reverse-cycle air conditioner, ceiling fan and shaded windows"" || source src/pages/guides/air-conditioning-buying-guide/index.astro:27 [source_literal] alt=""A summer living room with a wall-mounted reverse-cycle air conditioner, ceiling fan and shaded windows"" || source src/pages/guides/air-conditioning-buying-guide/index.astro:29 [source_literal] alt=""A summer living room with a wall-mounted reverse-cycle air conditioner, ceiling fan and shaded windows""","A summer living room with a wall-mounted reverse-cycle air conditioner, ceiling fan and shaded windows",5,2,reused,False,True,,,#655643:23% | #b6ae9e:19% | #a09582:19% | #d1c9be:13% | #c4b8ad:13%,grey | beige_or_cream | brown,PENDING,NOT IN PHASE 1,,,,,,,,,
public/images/bathroom.webp,bathroom.webp,webp,1280,896,1.4286,87828,"route /categories/bathroom/ [hero] alt=""A warm bathroom with natural finishes and tidy everyday storage"" || route /categories/ [inline] alt=""A warm bathroom with natural finishes and tidy everyday storage."" || route / [inline] alt=""A tidy bathroom with warm finishes, practical storage and soft natural light."" || source src/components/SimpleCategoryPage.astro:82 [source_literal] alt=""A warm bathroom with natural finishes and tidy everyday storage"" || source src/pages/index.astro:31 [source_literal] alt=""A tidy bathroom with warm finishes, practical storage and soft natural light."" || source src/pages/index.astro:109 [source_literal] alt=""A tidy bathroom with warm finishes, soft light and practical everyday storage."" || source src/pages/categories/index.astro:38 [source_literal] alt=""A warm bathroom with natural finishes and tidy everyday storage.""","A tidy bathroom with warm finishes, practical storage and soft natural light. || A tidy bathroom with warm finishes, soft light and practical everyday storage. || A warm bathroom with natural finishes and tidy everyday storage || A warm bathroom with natural finishes and tidy everyday storage.",7,3,reused,True,False,,,#89775c:26% | #564530:21% | #9a8f77:15% | #b4a794:14% | #aa967d:13%,beige_or_cream | brown | warm_orange_grade,REPLACE,REPLACEMENT ASSET PENDING,,2,4,2,3,4,2,2.83,"Credible decorative bathroom, but it is a beige and timber showroom image reused across 13 routes. It does not show the specific storage, shower, towel or under-sink planning issues claimed by its guide alt text."
public/images/bedroom.webp,bedroom.webp,webp,1280,896,1.4286,90288,"route /categories/bedroom/ [hero] alt=""A calm bedroom with soft bedding and warm natural light"" || route /categories/ [inline] alt=""A calm bedroom with soft bedding and warm natural light."" || route / [inline] alt=""A calm bedroom with soft bedding, warm light and practical storage."" || source src/components/SimpleCategoryPage.astro:86 [source_literal] alt=""A calm bedroom with soft bedding and warm natural light"" || source src/pages/index.astro:24 [source_literal] alt=""A calm bedroom with soft bedding, warm light and practical storage."" || source src/pages/index.astro:101 [source_literal] alt=""A calm small bedroom with soft bedding, warm light and practical storage."" || source src/pages/categories/index.astro:45 [source_literal] alt=""A calm bedroom with soft bedding and warm natural light.""","A calm bedroom with soft bedding and warm natural light || A calm bedroom with soft bedding and warm natural light. || A calm bedroom with soft bedding, warm light and practical storage. || A calm small bedroom with soft bedding, warm light and practical storage.",7,3,reused,True,False,,,#9a9484:22% | #50422e:21% | #716958:17% | #b1ada0:17% | #877762:13%,grey | beige_or_cream | brown,REPLACE,REPLACEMENT ASSET PENDING,,2,4,2,3,4,2,2.83,"A plausible but generic neutral bedroom reused across 12 routes. The dresser, wardrobe, under-bed storage and lighting details described by different guides are not all present."
public/images/ceiling-fans-before-you-buy.webp,ceiling-fans-before-you-buy.webp,webp,1600,720,2.2222,153122,"route /categories/living-spaces/ [inline] alt=""A ceiling fan installed above the seating area of a shaded Australian living room"" || route /guides/ceiling-fans-before-you-buy/ [hero] alt=""A ceiling fan installed above the seating area of a shaded Australian living room"" || route /guides/ceiling-fans-before-you-buy/ [open_graph] alt=""A ceiling fan installed above the seating area of a shaded Australian living room"" || source src/pages/guides/ceiling-fans-before-you-buy/index.astro:44 [source_literal] alt=""A ceiling fan installed above the seating area of a shaded Australian living room"" || source src/pages/guides/ceiling-fans-before-you-buy/index.astro:47 [source_literal] alt=""A ceiling fan installed above the seating area of a shaded Australian living room""",A ceiling fan installed above the seating area of a shaded Australian living room,5,2,reused,False,True,,,#bfb4a7:22% | #655541:21% | #cac1b7:17% | #948771:16% | #ada390:13%,grey | beige_or_cream | brown,PENDING,NOT IN PHASE 1,,,,,,,,,
public/images/condensation-and-mould-during-winter.webp,condensation-and-mould-during-winter.webp,webp,1600,720,2.2222,90334,"route /categories/living-spaces/ [inline] alt=""Winter condensation on an Australian home window with a small area of mould beginning near the frame"" || route /guides/condensation-and-mould-during-winter/ [hero] alt=""Winter condensation on an Australian home window with a small area of mould beginning near the frame"" || route /guides/condensation-and-mould-during-winter/ [open_graph] alt=""Winter condensation on an Australian home window with a small area of mould beginning near the frame"" || source src/pages/guides/condensation-and-mould-during-winter/index.astro:26 [source_literal] alt=""Winter condensation on an Australian home window with a small area of mould beginning near the frame"" || source src/pages/guides/condensation-and-mould-during-winter/index.astro:28 [source_literal] alt=""Winter condensation on an Australian home window with a small area of mould beginning near the frame""",Winter condensation on an Australian home window with a small area of mould beginning near the frame,5,2,reused,False,True,,,#625a55:22% | #a39e9d:20% | #4a413b:17% | #c4c9d3:16% | #746963:13%,grey,PENDING,NOT IN PHASE 1,,,,,,,,,
public/images/electric-blankets-vs-heated-throws.webp,electric-blankets-vs-heated-throws.webp,webp,1600,720,2.2222,117792,"route /categories/bedroom/ [inline] alt=""An electric blanket controller beside a made bed with a heated throw folded over a nearby chair"" || route /guides/electric-blankets-vs-heated-throws/ [hero] alt=""An electric blanket controller beside a made bed with a heated throw folded over a nearby chair"" || route /guides/electric-blankets-vs-heated-throws/ [open_graph] alt=""An electric blanket controller beside a made bed with a heated throw folded over a nearby chair"" || source src/pages/guides/electric-blankets-vs-heated-throws/index.astro:54 [source_literal] alt=""An electric blanket controller beside a made bed with a heated throw folded over a nearby chair"" || source src/pages/guides/electric-blankets-vs-heated-throws/index.astro:56 [source_literal] alt=""An electric blanket controller beside a made bed with a heated throw folded over a nearby chair""",An electric blanket controller beside a made bed with a heated throw folded over a nearby chair,5,2,reused,False,True,,,#5b5149:20% | #3d342d:19% | #2a201a:18% | #473b31:16% | #7e7871:16%,grey | brown,PENDING,NOT IN PHASE 1,,,,,,,,,
public/images/fan-heater-vs-ceramic-heater.webp,fan-heater-vs-ceramic-heater.webp,webp,1600,720,2.2222,54500,"route /categories/living-spaces/ [inline] alt=""A compact fan heater and a taller ceramic heater positioned safely in a winter home interior"" || route /guides/fan-heater-vs-ceramic-heater/ [hero] alt=""A compact fan heater and a taller ceramic heater positioned safely in a winter home interior"" || route /guides/fan-heater-vs-ceramic-heater/ [open_graph] alt=""A compact fan heater and a taller ceramic heater positioned safely in a winter home interior"" || source src/pages/guides/fan-heater-vs-ceramic-heater/index.astro:54 [source_literal] alt=""A compact fan heater and a taller ceramic heater positioned safely in a winter home interior"" || source src/pages/guides/fan-heater-vs-ceramic-heater/index.astro:56 [source_literal] alt=""A compact fan heater and a taller ceramic heater positioned safely in a winter home interior""",A compact fan heater and a taller ceramic heater positioned safely in a winter home interior,5,2,reused,False,True,,,#241d19:24% | #a8968a:20% | #8a796f:17% | #625044:14% | #42342b:14%,brown,PENDING,NOT IN PHASE 1,,,,,,,,,
public/images/garage.webp,garage.webp,webp,1498,1050,1.4267,265192,"route /categories/garage-storage/ [hero] alt=""An organised garage with wall storage, cabinets and clear floor space"" || route /categories/ [inline] alt=""An organised garage with wall storage, cabinets and clear floor space."" || route / [inline] alt=""An organised garage with wall storage, shelves and clear floor space."" || source src/components/SimpleCategoryPage.astro:94 [source_literal] alt=""An organised garage with wall storage, cabinets and clear floor space"" || source src/components/SimpleCategoryPage.astro:98 [source_literal] alt=""An organised garage with wall storage, cabinets and clear floor space"" || source src/components/SimpleCategoryPage.astro:102 [source_literal] alt=""An organised garage with wall storage, cabinets and clear floor space"" || source src/pages/index.astro:66 [source_literal] alt=""An organised garage with wall storage, shelves and clear floor space."" || source src/pages/categories/index.astro:59 [source_literal] alt=""An organised garage with wall storage, cabinets and clear floor space.""","An organised garage with wall storage, cabinets and clear floor space || An organised garage with wall storage, cabinets and clear floor space. || An organised garage with wall storage, shelves and clear floor space.",8,3,reused,True,False,,,#24201b:23% | #9b9086:19% | #8a7d70:17% | #6c5f52:16% | #4b4036:13%,brown,KEEP,FINAL KEEP,,4,4,2,4,4,3,3.5,"Dark and restrained, but the wall storage, cabinets and clear floor zone make it useful across closely related garage-storage guides."
public/images/guides/baby-bath-time-essentials.webp,baby-bath-time-essentials.webp,webp,1600,720,2.2222,98144,"route /categories/nursery-kids/ [inline] alt=""A dry baby bath prepared with folded towels, a washcloth and a small caddy of plain care supplies within adult reach"" || route /guides/baby-bath-time-essentials/ [hero] alt=""A dry baby bath prepared with folded towels, a washcloth and a small caddy of plain care supplies within adult reach"" || source src/pages/guides/baby-bath-time-essentials/index.astro:63 [source_literal] alt=""A dry baby bath prepared with folded towels, a washcloth and a small caddy of plain care supplies within adult reach""","A dry baby bath prepared with folded towels, a washcloth and a small caddy of plain care supplies within adult reach",3,2,reused,False,False,,,#5d5546:21% | #b8b7b2:20% | #7d7f75:16% | #948a80:16% | #a4a39b:16%,grey | beige_or_cream,PENDING,NOT IN PHASE 1,,,,,,,,,
public/images/guides/baby-monitors-australia.webp,baby-monitors-australia.webp,webp,1600,720,2.2222,51782,"route /categories/nursery-kids/ [inline] alt=""An unbranded monitor camera secured outside an empty cot with its cable covered and a plain parent receiver nearby"" || route /guides/baby-monitors-australia/ [hero] alt=""An unbranded monitor camera secured outside an empty cot with its cable covered and a plain parent receiver nearby"" || source src/pages/guides/baby-monitors-australia/index.astro:91 [source_literal] alt=""An unbranded monitor camera secured outside an empty cot with its cable covered and a plain parent receiver nearby""",An unbranded monitor camera secured outside an empty cot with its cable covered and a plain parent receiver nearby,3,2,reused,False,False,,,#929293:22% | #555250:20% | #9fa3a9:19% | #71787e:16% | #827e7b:13%,grey,PENDING,NOT IN PHASE 1,,,,,,,,,
public/images/guides/baby-outing-essentials-what-to-pack-before-leaving-the-house.webp,baby-outing-essentials-what-to-pack-before-leaving-the-house.webp,webp,1600,720,2.2222,104904,"route /categories/nursery-kids/ [inline] alt=""An entryway with an unbranded pram, packed nappy bag, sun hat and a small basket of outing essentials"" || route /guides/baby-outing-essentials-what-to-pack-before-leaving-the-house/ [hero] alt=""An entryway with an unbranded pram, packed nappy bag, sun hat and a small basket of outing essentials"" || source src/pages/guides/baby-outing-essentials-what-to-pack-before-leaving-the-house/index.astro:63 [source_literal] alt=""An entryway with an unbranded pram, packed nappy bag, sun hat and a small basket of outing essentials""","An entryway with an unbranded pram, packed nappy bag, sun hat and a small basket of outing essentials",3,2,reused,False,False,,,#b7aa96:23% | #3e3325:22% | #cdc5b9:16% | #7d6b57:15% | #a08d78:12%,grey | beige_or_cream | brown,PENDING,NOT IN PHASE 1,,,,,,,,,
public/images/guides/balcony-and-courtyard-garden-setup-what-to-plan-before-buying-pots-and-planters.webp,balcony-and-courtyard-garden-setup-what-to-plan-before-buying-pots-and-planters.webp,webp,1600,720,2.2222,160602,"route /categories/outdoor-garden/ [inline] alt=""A small apartment balcony with pots and wall planters grouped away from the railing and a clear floor"" || route /guides/balcony-and-courtyard-garden-setup-what-to-plan-before-buying-pots-and-planters/ [hero] alt=""A small apartment balcony with pots and wall planters grouped away from the railing and a clear floor"" || source src/pages/guides/balcony-and-courtyard-garden-setup-what-to-plan-before-buying-pots-and-planters/index.astro:63 [source_literal] alt=""A small apartment balcony with pots and wall planters grouped away from the railing and a clear floor""",A small apartment balcony with pots and wall planters grouped away from the railing and a clear floor,3,2,reused,False,False,,,#746f5c:26% | #3c3b33:22% | #b1a9a2:14% | #c6c4c3:14% | #989083:13%,grey,PENDING,NOT IN PHASE 1,,,,,,,,,
public/images/guides/barbecue-area-setup-what-to-measure-before-buying-outdoor-cooking-gear.webp,barbecue-area-setup-what-to-measure-before-buying-outdoor-cooking-gear.webp,webp,1600,720,2.2222,182336,"route /categories/outdoor-garden/ [inline] alt=""A closed unbranded barbecue on a paved pad with open-air clearance and a separate serving trolley"" || route /guides/barbecue-area-setup-what-to-measure-before-buying-outdoor-cooking-gear/ [hero] alt=""A closed unbranded barbecue on a paved pad with open-air clearance and a separate serving trolley"" || source src/pages/guides/barbecue-area-setup-what-to-measure-before-buying-outdoor-cooking-gear/index.astro:63 [source_literal] alt=""A closed unbranded barbecue on a paved pad with open-air clearance and a separate serving trolley""",A closed unbranded barbecue on a paved pad with open-air clearance and a separate serving trolley,3,2,reused,False,False,,,#373937:20% | #928d7d:18% | #5b605f:18% | #c1b992:17% | #7f6e61:15%,grey,PENDING,NOT IN PHASE 1,,,,,,,,,
public/images/guides/bassinet-vs-cot.webp,bassinet-vs-cot.webp,webp,1600,720,2.2222,103040,"route /categories/nursery-kids/ [inline] alt=""An empty bassinet and cot with firm fitted sheets and clear floor space around both sleep areas"" || route /guides/bassinet-vs-cot/ [hero] alt=""An empty bassinet and cot with firm fitted sheets and clear floor space around both sleep areas"" || source src/pages/guides/bassinet-vs-cot/index.astro:71 [source_literal] alt=""An empty bassinet and cot with firm fitted sheets and clear floor space around both sleep areas""",An empty bassinet and cot with firm fitted sheets and clear floor space around both sleep areas,3,2,reused,False,False,,,#9f7e60:28% | #b8b2ac:22% | #785334:21% | #a59789:13% | #b89c82:8%,grey | beige_or_cream | brown | warm_orange_grade,PENDING,NOT IN PHASE 1,,,,,,,,,
public/images/guides/bathroom-essentials-australian-homes.webp,bathroom-essentials-australian-homes.webp,webp,1600,720,2.2222,109238,"route /categories/bathroom/ [inline] alt=""A practical bathroom with navy towels, a bath mat, plain soap dispensers, a small basket and spare toilet paper"" || route /guides/bathroom-essentials-australian-homes/ [hero] alt=""A practical bathroom with navy towels, a bath mat, plain soap dispensers, a small basket and spare toilet paper"" || route / [inline] alt=""A practical bathroom with navy towels, a bath mat, plain soap dispensers, a small basket and spare toilet paper"" || source src/pages/guides/bathroom-essentials-australian-homes/index.astro:68 [source_literal] alt=""A practical bathroom with navy towels, a bath mat, plain soap dispensers, a small basket and spare toilet paper""","A practical bathroom with navy towels, a bath mat, plain soap dispensers, a small basket and spare toilet paper",4,3,reused,False,False,,,#26262b:26% | #a69584:19% | #877360:16% | #c7c0b7:16% | #dedad7:13%,grey | beige_or_cream | brown,PENDING,NOT IN PHASE 1,,,,,,,,,
public/images/guides/bathroom-product-storage-what-to-sort-before-buying-organisers.webp,bathroom-product-storage-what-to-sort-before-buying-organisers.webp,webp,1600,720,2.2222,66268,"route /categories/bathroom/ [inline] alt=""An open bathroom vanity drawer and cupboard with everyday products sorted into trays and portable caddies"" || route /guides/bathroom-product-storage-what-to-sort-before-buying-organisers/ [hero] alt=""An open bathroom vanity drawer and cupboard with everyday products sorted into trays and portable caddies"" || source src/pages/guides/bathroom-product-storage-what-to-sort-before-buying-organisers/index.astro:95 [source_literal] alt=""An open bathroom vanity drawer and cupboard with everyday products sorted into trays and portable caddies""",An open bathroom vanity drawer and cupboard with everyday products sorted into trays and portable caddies,3,2,reused,False,False,,,#554836:20% | #aaa297:20% | #918776:17% | #c2bbb1:16% | #7e7560:15%,grey | beige_or_cream | brown,PENDING,NOT IN PHASE 1,,,,,,,,,
public/images/guides/bathroom-storage-what-to-measure-and-check-before-you-buy.webp,bathroom-storage-what-to-measure-and-check-before-you-buy.webp,webp,1600,720,2.2222,79134,"route /categories/bathroom/ [inline] alt=""A tidy bathroom with warm finishes, soft light and practical everyday storage"" || route /guides/bathroom-storage-what-to-measure-and-check-before-you-buy/ [hero] alt=""A tidy bathroom with warm finishes, soft light and practical everyday storage"" || source src/pages/guides/bathroom-storage-what-to-measure-and-check-before-you-buy/index.astro:69 [source_literal] alt=""A tidy bathroom with warm finishes, soft light and practical everyday storage""","A tidy bathroom with warm finishes, soft light and practical everyday storage",3,2,reused,False,False,,,#cbc7c2:20% | #1d2021:20% | #424d55:19% | #a8a39b:18% | #706556:13%,grey | beige_or_cream,PENDING,NOT IN PHASE 1,,,,,,,,,
public/images/guides/bedding-and-linen-basics-for-australian-bedrooms.webp,bedding-and-linen-basics-for-australian-bedrooms.webp,webp,1600,720,2.2222,113056,"route /categories/bedroom/ [inline] alt=""A calm bedroom with layered bedding, folded linen and warm natural light"" || route /guides/bedding-and-linen-basics-for-australian-bedrooms/ [hero] alt=""A calm bedroom with layered bedding, folded linen and warm natural light"" || source src/pages/guides/bedding-and-linen-basics-for-australian-bedrooms/index.astro:73 [source_literal] alt=""A calm bedroom with layered bedding, folded linen and warm natural light""","A calm bedroom with layered bedding, folded linen and warm natural light",3,2,reused,False,False,,,#5e4938:23% | #949493:22% | #adb7ba:18% | #d2d6d6:17% | #e4e9e7:11%,grey | brown,PENDING,NOT IN PHASE 1,,,,,,,,,
public/images/guides/bedroom-drawers-tallboys-and-dressers-what-to-check-before-you-buy.webp,bedroom-drawers-tallboys-and-dressers-what-to-check-before-you-buy.webp,webp,1600,720,2.2222,131410,"route /categories/bedroom/ [inline] alt=""A calm bedroom with a timber dresser, folded clothes and warm natural light"" || route /guides/bedroom-drawers-tallboys-and-dressers-what-to-check-before-you-buy/ [hero] alt=""A calm bedroom with a timber dresser, folded clothes and warm natural light"" || source src/pages/guides/bedroom-drawers-tallboys-and-dressers-what-to-check-before-you-buy/index.astro:73 [source_literal] alt=""A calm bedroom with a timber dresser, folded clothes and warm natural light""","A calm bedroom with a timber dresser, folded clothes and warm natural light",3,2,reused,False,False,,,#181814:25% | #8a4d36:19% | #c2a28c:17% | #a57559:16% | #d8c5ba:12%,brown | coral_or_terracotta,PENDING,NOT IN PHASE 1,,,,,,,,,
public/images/guides/bedroom-essentials-for-a-more-comfortable-home.webp,bedroom-essentials-for-a-more-comfortable-home.webp,webp,1600,720,2.2222,191888,"route /categories/bedroom/ [inline] alt=""A calm bedroom with soft bedding, warm light and practical storage"" || route /guides/bedroom-essentials-for-a-more-comfortable-home/ [hero] alt=""A calm bedroom with soft bedding, warm light and practical storage"" || source src/pages/guides/bedroom-essentials-for-a-more-comfortable-home/index.astro:102 [source_literal] alt=""A calm bedroom with soft bedding, warm light and practical storage""","A calm bedroom with soft bedding, warm light and practical storage",3,2,reused,False,False,,,#1e1c16:22% | #6e5d4a:21% | #513e2a:17% | #958673:15% | #303430:13%,brown,PENDING,NOT IN PHASE 1,,,,,,,,,
public/images/guides/bedroom-lighting-and-window-coverings-what-to-compare-before-you-buy.webp,bedroom-lighting-and-window-coverings-what-to-compare-before-you-buy.webp,webp,1600,720,2.2222,92302,"route /categories/bedroom/ [inline] alt=""A calm bedroom with soft curtains, bedside lighting and warm natural light"" || route /guides/bedroom-lighting-and-window-coverings-what-to-compare-before-you-buy/ [hero] alt=""A calm bedroom with soft curtains, bedside lighting and warm natural light"" || source src/pages/guides/bedroom-lighting-and-window-coverings-what-to-compare-before-you-buy/index.astro:103 [source_literal] alt=""A calm bedroom with soft curtains, bedside lighting and warm natural light""","A calm bedroom with soft curtains, bedside lighting and warm natural light",3,2,reused,False,False,,,#150c09:25% | #34251c:21% | #715642:16% | #4b392c:15% | #5d4534:13%,brown,PENDING,NOT IN PHASE 1,,,,,,,,,
public/images/guides/bedroom-storage-before-loose-overflow.webp,bedroom-storage-before-loose-overflow.webp,webp,1536,1024,1.5,142930,"route /guides/bedroom-storage-ideas-small-australian-rooms/ [inline] alt=""Loose shoes, tubs, linen and clothing crowding the floor and space beneath a compact bedroom bed"" || source src/pages/guides/bedroom-storage-ideas-small-australian-rooms/index.astro:165 [source_literal] alt=""Loose shoes, tubs, linen and clothing crowding the floor and space beneath a compact bedroom bed""","Loose shoes, tubs, linen and clothing crowding the floor and space beneath a compact bedroom bed",2,1,unique,False,False,,,#4a341b:22% | #bbaea0:20% | #cbc5bd:17% | #70583d:15% | #98836b:13%,grey | beige_or_cream | brown,KEEP,FINAL KEEP,,5,4,3,4,4,4,4.0,Useful intentional before image. Loose items and blocked zones are legible without becoming an implausible mess.
public/images/guides/bedroom-storage-clear-walkway.webp,bedroom-storage-clear-walkway.webp,webp,1536,1024,1.5,182668,"route /categories/bedroom/ [inline] alt=""A compact bedroom showing the bed footprint, open wardrobe and clear walking space beside the bed"" || route /guides/bedroom-storage-ideas-small-australian-rooms/ [inline] alt=""The same bedroom with an accessible under-bed drawer, organised wardrobe and clear route beside the bed"" || route /guides/mattress-sizes-australia/ [hero] alt=""A compact bedroom showing the bed footprint, open wardrobe and clear walking space beside the bed"" || source src/pages/guides/bedroom-storage-ideas-small-australian-rooms/index.astro:176 [source_literal] alt=""The same bedroom with an accessible under-bed drawer, organised wardrobe and clear route beside the bed"" || source src/pages/guides/mattress-sizes-australia/index.astro:54 [source_literal] alt=""A compact bedroom showing the bed footprint, open wardrobe and clear walking space beside the bed""","A compact bedroom showing the bed footprint, open wardrobe and clear walking space beside the bed || The same bedroom with an accessible under-bed drawer, organised wardrobe and clear route beside the bed",5,3,reused,False,False,,,#52361b:21% | #cbc3bb:18% | #b4a594:18% | #79583a:17% | #90765c:14%,grey | beige_or_cream | brown | warm_orange_grade,KEEP,TEMPORARY SAFE FALLBACK,"Retained on its original bedroom-storage guide and temporarily reused for the Mattress Sizes hero and featured card because it truthfully shows the bed footprint, wardrobe relationship and walking clearance.",5,4,3,4,4,4,4.0,Useful intentional after image with the same viewpoint as its companion and a clear circulation improvement.
public/images/guides/bedroom-storage-ideas-small-australian-rooms.webp,bedroom-storage-ideas-small-australian-rooms.webp,webp,1600,720,2.2222,88622,"route /categories/bedroom/ [inline] alt=""A calm small bedroom with soft bedding, warm light and practical storage"" || route /guides/bedroom-storage-ideas-small-australian-rooms/ [hero] alt=""A calm small bedroom with soft bedding, warm light and practical storage"" || route /guides/ [inline] alt=""A calm small bedroom with soft bedding, warm light and practical storage"" || route / [inline] alt=""A calm small bedroom with soft bedding, warm light and practical storage"" || source src/pages/guides/bedroom-storage-ideas-small-australian-rooms/index.astro:82 [source_literal] alt=""A calm small bedroom with soft bedding, warm light and practical storage""","A calm small bedroom with soft bedding, warm light and practical storage",5,4,reused,False,False,,,#513c26:21% | #aca295:20% | #c0bcb6:18% | #725d48:17% | #8e7b69:12%,grey | beige_or_cream | brown,PENDING,NOT IN PHASE 1,,,,,,,,,
public/images/guides/bedroom-wardrobe-organisation-what-to-sort-before-buying-storage.webp,bedroom-wardrobe-organisation-what-to-sort-before-buying-storage.webp,webp,1600,720,2.2222,84192,"route /categories/bedroom/ [inline] alt=""A calm bedroom wardrobe area with soft bedding, warm light and practical clothing storage"" || route /guides/bedroom-wardrobe-organisation-what-to-sort-before-buying-storage/ [hero] alt=""A calm bedroom wardrobe area with soft bedding, warm light and practical clothing storage"" || source src/pages/guides/bedroom-wardrobe-organisation-what-to-sort-before-buying-storage/index.astro:73 [source_literal] alt=""A calm bedroom wardrobe area with soft bedding, warm light and practical clothing storage""","A calm bedroom wardrobe area with soft bedding, warm light and practical clothing storage",3,2,reused,False,False,,,#3a2a14:21% | #7e591d:20% | #bbb5aa:19% | #a18a5f:16% | #e0dfdb:12%,grey | beige_or_cream | brown | warm_orange_grade,PENDING,NOT IN PHASE 1,,,,,,,,,
public/images/guides/bedside-table-setup-what-to-check-before-you-buy.webp,bedside-table-setup-what-to-check-before-you-buy.webp,webp,1600,720,2.2222,106988,"route /categories/bedroom/ [inline] alt=""A calm bedroom with a practical bedside table, lamp and soft bedding"" || route /guides/bedside-table-setup-what-to-check-before-you-buy/ [hero] alt=""A calm bedroom with a practical bedside table, lamp and soft bedding"" || source src/pages/guides/bedside-table-setup-what-to-check-before-you-buy/index.astro:74 [source_literal] alt=""A calm bedroom with a practical bedside table, lamp and soft bedding""","A calm bedroom with a practical bedside table, lamp and soft bedding",3,2,reused,False,False,,,#37281a:23% | #906b4e:21% | #b0815e:18% | #574a36:15% | #825035:12%,brown | coral_or_terracotta | warm_orange_grade,PENDING,NOT IN PHASE 1,,,,,,,,,
public/images/guides/best-kitchen-storage-ideas-small-australian-homes.webp,best-kitchen-storage-ideas-small-australian-homes.webp,webp,1600,720,2.2222,93896,"route /categories/kitchen/ [inline] alt=""A warm kitchen with timber cabinetry, green accents and a tidy benchtop"" || route /guides/best-kitchen-storage-ideas-small-australian-homes/ [hero] alt=""A warm kitchen with timber cabinetry, green accents and a tidy benchtop"" || source src/pages/guides/best-kitchen-storage-ideas-small-australian-homes/index.astro:74 [source_literal] alt=""A warm kitchen with timber cabinetry, green accents and a tidy benchtop""","A warm kitchen with timber cabinetry, green accents and a tidy benchtop",3,2,reused,False,False,,,#151918:24% | #343531:23% | #57544d:16% | #dad6cf:14% | #bcb2a5:11%,grey | beige_or_cream | brown,PENDING,NOT IN PHASE 1,,,,,,,,,
public/images/guides/cat-litter-tray-setup-what-to-plan-before-you-buy.webp,cat-litter-tray-setup-what-to-plan-before-you-buy.webp,webp,1600,720,2.2222,112312,"route /categories/pets/ [inline] alt=""A high-sided litter tray on a washable mat beside a screened louvre window with a scoop and sealed storage nearby"" || route /guides/cat-litter-tray-setup-what-to-plan-before-you-buy/ [hero] alt=""A high-sided litter tray on a washable mat beside a screened louvre window with a scoop and sealed storage nearby"" || source src/pages/guides/cat-litter-tray-setup-what-to-plan-before-you-buy/index.astro:86 [source_literal] alt=""A high-sided litter tray on a washable mat beside a screened louvre window with a scoop and sealed storage nearby""",A high-sided litter tray on a washable mat beside a screened louvre window with a scoop and sealed storage nearby,3,2,reused,False,False,,,#9a8f80:23% | #2c2924:20% | #60594f:15% | #847768:15% | #c8d0c3:14%,grey | beige_or_cream,PENDING,NOT IN PHASE 1,,,,,,,,,
public/images/guides/cleaning-product-storage-what-to-check-before-buying-cabinets-or-caddies.webp,cleaning-product-storage-what-to-check-before-buying-cabinets-or-caddies.webp,webp,1600,720,2.2222,77958,"route /categories/laundry/ [inline] alt=""A practical laundry room with warm finishes, baskets and tidy everyday storage"" || route /guides/cleaning-product-storage-what-to-check-before-buying-cabinets-or-caddies/ [hero] alt=""A practical laundry room with warm finishes, baskets and tidy everyday storage"" || source src/pages/guides/cleaning-product-storage-what-to-check-before-buying-cabinets-or-caddies/index.astro:63 [source_literal] alt=""A practical laundry room with warm finishes, baskets and tidy everyday storage""","A practical laundry room with warm finishes, baskets and tidy everyday storage",3,2,reused,False,False,,,#121416:20% | #6a6568:20% | #2e333f:18% | #3e3c42:16% | #a6a19c:15%,grey,PENDING,NOT IN PHASE 1,,,,,,,,,
public/images/guides/coffee-machine-formats-australia.webp,coffee-machine-formats-australia.webp,webp,1920,1080,1.7778,155892,"route /categories/kitchen/ [inline] alt=""Unbranded capsule, manual espresso and automatic coffee machines arranged with a grinder on a warm kitchen bench"" || route /guides/coffee-machine-types-australia/ [hero] alt=""Unbranded capsule, manual espresso and automatic coffee machines arranged with a grinder on a warm kitchen bench"" || route /guides/ [inline] alt=""Unbranded capsule, manual espresso and automatic coffee machines arranged with a grinder on a warm kitchen bench"" || source src/pages/guides/coffee-machine-types-australia/index.astro:54 [source_literal] alt=""Unbranded capsule, manual espresso and automatic coffee machines arranged with a grinder on a warm kitchen bench""","Unbranded capsule, manual espresso and automatic coffee machines arranged with a grinder on a warm kitchen bench",4,3,reused,False,False,,,#9a7e5b:24% | #4c3319:21% | #af9676:17% | #6e5635:17% | #89643d:12%,brown | warm_orange_grade,KEEP,FINAL KEEP,"Generated with the built-in image generator, reviewed at full resolution and checked in the central 1920 x 640 hero and 1120 x 1080 card crops. It replaces the permanently blocked coffee-machine-types-australia.webp file.",5,5,4,5,5,5,4.83,"Three distinct unbranded formats and a separate grinder remain legible in responsive crops. Controls are unlabelled, the portafilter and steam wand are coherent, and the scene reads as a practical kitchen comparison rather than a retail lineup."
public/images/guides/cookware-materials-australia.webp,cookware-materials-australia.webp,webp,1681,935,1.7979,197202,"route /categories/kitchen/ [inline] alt=""Stainless steel, cast iron, nonstick and carbon steel cookware arranged on a timber kitchen bench"" || route /guides/cookware-materials-compared/ [hero] alt=""Stainless steel, cast iron, nonstick and carbon steel cookware arranged on a timber kitchen bench"" || source src/pages/guides/cookware-materials-compared/index.astro:54 [source_literal] alt=""Stainless steel, cast iron, nonstick and carbon steel cookware arranged on a timber kitchen bench""","Stainless steel, cast iron, nonstick and carbon steel cookware arranged on a timber kitchen bench",3,2,reused,False,False,,,#1f1814:27% | #957b69:20% | #b7a092:17% | #674e3b:13% | #dcc1ae:12%,brown | warm_orange_grade,MINOR EDIT,MINOR EDIT PENDING,,5,4,3,4,4,4,4.0,The material differences are easy to compare and no branding is visible. A modest colour and exposure edit would reduce the dominant timber surface and make the cookware the clearer focus.
public/images/guides/cordless-vacuum-charging-storage-australia.webp,cordless-vacuum-charging-storage-australia.webp,webp,1920,1080,1.7778,232380,"route /categories/living-spaces/ [inline] alt=""An unbranded cordless stick vacuum and tools on a freestanding charging dock beside a rug and timber floor"" || route /guides/cordless-stick-vacuums-australia/ [hero] alt=""An unbranded cordless stick vacuum and tools on a freestanding charging dock beside a rug and timber floor"" || route /guides/ [inline] alt=""An unbranded cordless stick vacuum and tools on a freestanding charging dock beside a rug and timber floor"" || source src/pages/guides/cordless-stick-vacuums-australia/index.astro:54 [source_literal] alt=""An unbranded cordless stick vacuum and tools on a freestanding charging dock beside a rug and timber floor""",An unbranded cordless stick vacuum and tools on a freestanding charging dock beside a rug and timber floor,4,3,reused,False,False,,,#ddc8b3:21% | #9c754d:19% | #714d2b:18% | #ceb59a:17% | #b29270:14%,beige_or_cream | brown | warm_orange_grade,KEEP,FINAL KEEP,"Generated with the built-in image generator, reviewed at full resolution and checked in the central 1920 x 640 hero and 1120 x 1080 card crops. It replaces the permanently blocked cordless-stick-vacuums-australia.webp file.",5,5,4,5,5,5,4.83,"The complete unbranded vacuum, dock, two tools, rug transition and dock power route remain visible in hero and card crops. The charging lead connects only to the dock and no product marks or malformed joints are visible."
public/images/guides/dishwasher-sizes-australia.webp,dishwasher-sizes-australia.webp,webp,1536,1024,1.5,149832,"route /categories/kitchen/ [inline] alt=""An open stainless steel dishwasher installed below a kitchen bench showing racks, cabinetry and door clearance"" || route /guides/dishwasher-sizes-australia/ [hero] alt=""An open stainless steel dishwasher installed below a kitchen bench showing racks, cabinetry and door clearance"" || source src/pages/guides/dishwasher-sizes-australia/index.astro:54 [source_literal] alt=""An open stainless steel dishwasher installed below a kitchen bench showing racks, cabinetry and door clearance""","An open stainless steel dishwasher installed below a kitchen bench showing racks, cabinetry and door clearance",3,2,reused,False,False,,,#483a2b:20% | #b6ab9d:20% | #86755e:16% | #a3917b:15% | #d0cac0:14%,grey | beige_or_cream | brown,RECROP,RECROP COMPLETED,"The article header now uses object-position center 62% so the open door, lower rack and adjacent cabinetry survive the wide crop.",5,5,3,4,4,4,4.17,"A strong source image showing the open door, racks and adjacent cabinets. The 3:2 source is vertically cropped in the wide hero slot, which risks losing the foreground door-clearance information."
public/images/guides/dryer-types-australia.webp,dryer-types-australia.webp,webp,1608,978,1.6442,116822,"route /categories/laundry/ [inline] alt=""A front loading washer and dryer side by side in a practical Australian laundry with towels and clear floor space"" || route /guides/heat-pump-vs-condenser-vs-vented-dryers/ [hero] alt=""A front loading washer and dryer side by side in a practical Australian laundry with towels and clear floor space"" || source src/pages/guides/heat-pump-vs-condenser-vs-vented-dryers/index.astro:54 [source_literal] alt=""A front loading washer and dryer side by side in a practical Australian laundry with towels and clear floor space""",A front loading washer and dryer side by side in a practical Australian laundry with towels and clear floor space,3,2,reused,False,False,,,#bfb6ac:20% | #8a8173:19% | #605548:18% | #cfcdc4:18% | #a0978a:14%,grey | beige_or_cream,REPLACE,REPLACEMENT ASSET PENDING,"Full-resolution review found no urgent brand, label, cable, installation or geometry defect. Keep temporarily while the more explanatory Phase 1 asset is produced.",3,4,2,4,4,3,3.33,"The open dryer door and laundry layout are useful, but the image does not explain the heat-pump, condenser and vented comparison or show a ventilation path."
public/images/guides/everyday-kitchen-essentials-australian-homes.webp,everyday-kitchen-essentials-australian-homes.webp,webp,1600,720,2.2222,62692,"route /categories/kitchen/ [inline] alt=""A warm kitchen with timber cabinetry, green accents and everyday kitchen storage"" || route /guides/everyday-kitchen-essentials-australian-homes/ [hero] alt=""A warm kitchen with timber cabinetry, green accents and everyday kitchen storage"" || route / [inline] alt=""A warm kitchen with timber cabinetry, green accents and everyday kitchen storage"" || source src/pages/guides/everyday-kitchen-essentials-australian-homes/index.astro:53 [source_literal] alt=""A warm kitchen with timber cabinetry, green accents and everyday kitchen storage""","A warm kitchen with timber cabinetry, green accents and everyday kitchen storage",4,3,reused,False,False,,,#1c1012:20% | #311f23:20% | #ccc4bd:18% | #9d9088:16% | #514239:13%,grey,PENDING,NOT IN PHASE 1,,,,,,,,,
public/images/guides/fridge-dimensions-australia.webp,fridge-dimensions-australia.webp,webp,1536,1024,1.5,115378,"route /categories/kitchen/ [inline] alt=""An open bottom mount refrigerator in a warm Australian kitchen showing the surrounding cabinetry and walking space"" || route /guides/fridge-dimensions-australia/ [hero] alt=""An open bottom mount refrigerator in a warm Australian kitchen showing the surrounding cabinetry and walking space"" || route /guides/ [inline] alt=""An open bottom mount refrigerator in a warm Australian kitchen showing the surrounding cabinetry and walking space"" || source src/pages/guides/fridge-dimensions-australia/index.astro:54 [source_literal] alt=""An open bottom mount refrigerator in a warm Australian kitchen showing the surrounding cabinetry and walking space""",An open bottom mount refrigerator in a warm Australian kitchen showing the surrounding cabinetry and walking space,4,3,reused,False,False,,,#9d8f7c:23% | #594026:20% | #776c59:16% | #b9ad9b:15% | #92765c:14%,beige_or_cream | brown | warm_orange_grade,RECROP,RECROP COMPLETED,"The article header now uses object-position 42% 28%; its Guides card uses 42% center. These positions retain the overhead cavity, open door and nearby island gap.",5,4,3,4,4,4,4.0,"The cavity, open door and nearby island make this one of the better restored-guide sources. A wide crop should retain the door edge, island gap and overhead clearance rather than centring only the appliance."
public/images/guides/garage-shelving-what-to-measure-before-buying-storage-units.webp,garage-shelving-what-to-measure-before-buying-storage-units.webp,webp,1600,720,2.2222,102260,"route /categories/garage-storage/ [inline] alt=""Freestanding garage shelving with mixed household equipment, plain storage tubs and heavier items kept on the lower shelves"" || route /guides/garage-shelving-what-to-measure-before-buying-storage-units/ [hero] alt=""Freestanding garage shelving with mixed household equipment, plain storage tubs and heavier items kept on the lower shelves"" || source src/pages/guides/garage-shelving-what-to-measure-before-buying-storage-units/index.astro:58 [source_literal] alt=""Freestanding garage shelving with mixed household equipment, plain storage tubs and heavier items kept on the lower shelves""","Freestanding garage shelving with mixed household equipment, plain storage tubs and heavier items kept on the lower shelves",3,2,reused,False,False,,,#171612:25% | #423f38:22% | #817666:15% | #666159:14% | #988f82:13%,grey | brown,PENDING,NOT IN PHASE 1,,,,,,,,,
public/images/guides/garage-storage-double-garage-access.webp,garage-storage-double-garage-access.webp,webp,1536,1024,1.5,163278,"route /categories/garage-storage/ [inline] alt=""A double brick garage with an SUV parked in the left bay, both front doors open, an empty second bay and storage along the right wall"" || route /guides/garage-storage-what-to-measure-and-check-before-you-buy/ [hero] alt=""A double brick garage with an SUV parked in the left bay, both front doors open, an empty second bay and storage along the right wall"" || route /guides/garage-storage-what-to-measure-and-check-before-you-buy/ [inline] alt=""A double brick garage with an SUV parked in the left bay, both front doors open, an empty second bay and storage along the right wall"" || source src/pages/guides/garage-storage-what-to-measure-and-check-before-you-buy/index.astro:74 [source_literal] alt=""A double brick garage with an SUV parked in the left bay, both front doors open, an empty second bay and storage along the right wall"" || source src/pages/guides/garage-storage-what-to-measure-and-check-before-you-buy/index.astro:95 [source_literal] alt=""A double brick garage with an SUV parked in the left bay, both front doors open, an empty second bay and storage along the right wall""","A double brick garage with an SUV parked in the left bay, both front doors open, an empty second bay and storage along the right wall",5,2,reused,False,False,,,#867e7b:22% | #21160e:22% | #6e655e:17% | #372d25:16% | #543d2c:13%,grey | brown,KEEP,FINAL KEEP,,5,4,3,5,4,5,4.33,"A practical garage scene with vehicle access, storage and circulation visible together."
public/images/guides/garage-storage-tubs-what-to-sort-before-buying-more-containers.webp,garage-storage-tubs-what-to-sort-before-buying-more-containers.webp,webp,1600,720,2.2222,118604,"route /categories/garage-storage/ [inline] alt=""Mixed-size lidded storage tubs arranged safely on garage shelving with heavier containers kept low"" || route /guides/garage-storage-tubs-what-to-sort-before-buying-more-containers/ [hero] alt=""Mixed-size lidded storage tubs arranged safely on garage shelving with heavier containers kept low"" || source src/pages/guides/garage-storage-tubs-what-to-sort-before-buying-more-containers/index.astro:90 [source_literal] alt=""Mixed-size lidded storage tubs arranged safely on garage shelving with heavier containers kept low""",Mixed-size lidded storage tubs arranged safely on garage shelving with heavier containers kept low,3,2,reused,False,False,,,#1f1f1f:22% | #8d806c:19% | #685b48:16% | #ada290:16% | #44433f:14%,grey | brown,PENDING,NOT IN PHASE 1,,,,,,,,,
public/images/guides/garage-storage-working-clearance-plan-v2.svg,garage-storage-working-clearance-plan-v2.svg,svg,1440,960,1.5,9278,"route /guides/garage-storage-what-to-measure-and-check-before-you-buy/ [inline] alt=""A top-down garage plan showing a parked vehicle with both front doors and the tailgate open, passenger and driver exit paths, a straight drive-in line and shallow storage kept clear"" || source src/pages/guides/garage-storage-what-to-measure-and-check-before-you-buy/index.astro:185 [source_literal] alt=""A top-down garage plan showing a parked vehicle with both front doors and the tailgate open, passenger and driver exit paths, a straight drive-in line and shallow storage kept clear""","A top-down garage plan showing a parked vehicle with both front doors and the tailgate open, passenger and driver exit paths, a straight drive-in line and shallow storage kept clear",2,1,unique,False,False,,,#f6f4ed:28% | #ffffff:26% | #838f8f:18% | #e5e7e3:14% | #f0f5f4:8%,grey | beige_or_cream,KEEP,FINAL KEEP,,5,5,3,5,5,5,4.67,Clear instructional diagram. Embedded labels are essential information rather than decorative text.
public/images/guides/garage-tool-storage-what-to-sort-before-buying-cabinets-or-pegboards.webp,garage-tool-storage-what-to-sort-before-buying-cabinets-or-pegboards.webp,webp,1600,720,2.2222,132200,"route /categories/garage-storage/ [inline] alt=""A garage workbench with ordinary hand tools arranged in drawers, a small cabinet and a compact pegboard"" || route /guides/garage-tool-storage-what-to-sort-before-buying-cabinets-or-pegboards/ [hero] alt=""A garage workbench with ordinary hand tools arranged in drawers, a small cabinet and a compact pegboard"" || source src/pages/guides/garage-tool-storage-what-to-sort-before-buying-cabinets-or-pegboards/index.astro:58 [source_literal] alt=""A garage workbench with ordinary hand tools arranged in drawers, a small cabinet and a compact pegboard""","A garage workbench with ordinary hand tools arranged in drawers, a small cabinet and a compact pegboard",3,2,reused,False,False,,,#1b1611:22% | #847a72:18% | #b6b297:16% | #6a513f:16% | #423e3c:15%,grey | brown,PENDING,NOT IN PHASE 1,,,,,,,,,
public/images/guides/garage-wall-storage-what-to-check-before-buying-hooks-rails-or-panels.webp,garage-wall-storage-what-to-check-before-buying-hooks-rails-or-panels.webp,webp,1600,720,2.2222,125710,"route /categories/garage-storage/ [inline] alt=""A garage wall-storage system holding garden tools, a ladder, folding chairs and a hose above a clear floor"" || route /guides/garage-wall-storage-what-to-check-before-buying-hooks-rails-or-panels/ [hero] alt=""A garage wall-storage system holding garden tools, a ladder, folding chairs and a hose above a clear floor"" || source src/pages/guides/garage-wall-storage-what-to-check-before-buying-hooks-rails-or-panels/index.astro:63 [source_literal] alt=""A garage wall-storage system holding garden tools, a ladder, folding chairs and a hose above a clear floor""","A garage wall-storage system holding garden tools, a ladder, folding chairs and a hose above a clear floor",3,2,reused,False,False,,,#9d9484:26% | #544d42:21% | #d7d3cc:16% | #b7b5ab:15% | #e7e6dd:12%,grey | beige_or_cream,PENDING,NOT IN PHASE 1,,,,,,,,,
public/images/guides/garden-tool-care-and-seasonal-outdoor-reset.webp,garden-tool-care-and-seasonal-outdoor-reset.webp,webp,1600,720,2.2222,124618,"route /categories/outdoor-garden/ [inline] alt=""Garden tools secured on a shed wall with blade covers, a coiled hose and smaller tools stored in a cabinet"" || route /guides/garden-tool-care-and-seasonal-outdoor-reset/ [hero] alt=""Garden tools secured on a shed wall with blade covers, a coiled hose and smaller tools stored in a cabinet"" || source src/pages/guides/garden-tool-care-and-seasonal-outdoor-reset/index.astro:58 [source_literal] alt=""Garden tools secured on a shed wall with blade covers, a coiled hose and smaller tools stored in a cabinet""","Garden tools secured on a shed wall with blade covers, a coiled hose and smaller tools stored in a cabinet",3,2,reused,False,False,,,#3c2c16:22% | #a27e55:20% | #c09e77:18% | #825b31:16% | #5c4e38:14%,brown | warm_orange_grade,PENDING,NOT IN PHASE 1,,,,,,,,,
public/images/guides/home-office-cable-management-what-to-plan-before-buying-organisers.webp,home-office-cable-management-what-to-plan-before-buying-organisers.webp,webp,1600,720,2.2222,81298,"route /categories/home-office/ [inline] alt=""Home-office cables routed through an accessible under-desk tray, clips and a sleeve down the desk leg"" || route /guides/home-office-cable-management-what-to-plan-before-buying-organisers/ [hero] alt=""Home-office cables routed through an accessible under-desk tray, clips and a sleeve down the desk leg"" || source src/pages/guides/home-office-cable-management-what-to-plan-before-buying-organisers/index.astro:69 [source_literal] alt=""Home-office cables routed through an accessible under-desk tray, clips and a sleeve down the desk leg""","Home-office cables routed through an accessible under-desk tray, clips and a sleeve down the desk leg",3,2,reused,False,False,,,#b9aa9d:25% | #3a352c:23% | #ab957f:15% | #7a7060:13% | #d7d7d2:13%,grey | beige_or_cream,PENDING,NOT IN PHASE 1,,,,,,,,,
public/images/guides/home-office-chair-and-seating-what-to-check-before-you-buy.webp,home-office-chair-and-seating-what-to-check-before-you-buy.webp,webp,1600,720,2.2222,119688,"route /categories/home-office/ [inline] alt=""An adjustable mesh office chair with clear pull-out space at a light timber desk in a shared room"" || route /guides/home-office-chair-and-seating-what-to-check-before-you-buy/ [hero] alt=""An adjustable mesh office chair with clear pull-out space at a light timber desk in a shared room"" || source src/pages/guides/home-office-chair-and-seating-what-to-check-before-you-buy/index.astro:68 [source_literal] alt=""An adjustable mesh office chair with clear pull-out space at a light timber desk in a shared room""",An adjustable mesh office chair with clear pull-out space at a light timber desk in a shared room,3,2,reused,False,False,,,#332c20:20% | #ab9989:20% | #685540:17% | #c5bbb3:17% | #806a55:14%,grey | beige_or_cream | brown | warm_orange_grade,PENDING,NOT IN PHASE 1,,,,,,,,,
public/images/guides/home-office-desk-setup-measure-before-buying.webp,home-office-desk-setup-measure-before-buying.webp,webp,1600,720,2.2222,148340,"route /categories/home-office/ [inline] alt=""A cobalt blue home office desk with a monitor, laptop, chair clearance, measuring tape and nearby power point"" || route /guides/home-office-desk-setup-what-to-measure-before-you-buy/ [hero] alt=""A cobalt blue home office desk with a monitor, laptop, chair clearance, measuring tape and nearby power point"" || source src/pages/guides/home-office-desk-setup-what-to-measure-before-you-buy/index.astro:44 [source_literal] alt=""A cobalt blue home office desk with a monitor, laptop, chair clearance, measuring tape and nearby power point""","A cobalt blue home office desk with a monitor, laptop, chair clearance, measuring tape and nearby power point",3,2,reused,False,False,,,#171e27:24% | #8d8783:21% | #a8a6a7:16% | #3e414a:14% | #605854:13%,grey,PENDING,NOT IN PHASE 1,,,,,,,,,
public/images/guides/home-office-desktop-storage-cable-management.webp,home-office-desktop-storage-cable-management.webp,webp,1536,1024,1.5,119760,"route /categories/home-office/ [inline] alt=""A home office with an open blue bookcase, terrazzo desk, open divided drawer, desktop computer and managed cables"" || route /guides/home-office-storage-for-paperwork-tech-and-supplies-what-to-plan-before-buying/ [hero] alt=""A home office with an open blue bookcase, terrazzo desk, open divided drawer, desktop computer and managed cables"" || route /guides/home-office-storage-for-paperwork-tech-and-supplies-what-to-plan-before-buying/ [inline] alt=""A home office with an open blue bookcase, terrazzo desk, open divided drawer, desktop computer and managed cables"" || source src/pages/guides/home-office-storage-for-paperwork-tech-and-supplies-what-to-plan-before-buying/index.astro:63 [source_literal] alt=""A home office with an open blue bookcase, terrazzo desk, open divided drawer, desktop computer and managed cables"" || source src/pages/guides/home-office-storage-for-paperwork-tech-and-supplies-what-to-plan-before-buying/index.astro:134 [source_literal] alt=""A home office with an open blue bookcase, terrazzo desk, open divided drawer, desktop computer and managed cables""","A home office with an open blue bookcase, terrazzo desk, open divided drawer, desktop computer and managed cables",5,2,reused,False,False,,,#221e1e:21% | #665e5f:21% | #867c7d:16% | #31353c:16% | #4a4140:15%,grey,REPLACE,REPLACEMENT ASSET PENDING,,2,4,2,3,4,2,2.83,"A credible desk scene, but the cable-management subject is barely visible and the dark grey styling feels like a display office rather than practical editorial evidence."
public/images/guides/home-office-lighting-what-to-compare-before-you-buy.webp,home-office-lighting-what-to-compare-before-you-buy.webp,webp,1600,720,2.2222,54374,"route /categories/home-office/ [inline] alt=""A home-office desk lit by filtered daylight and an adjustable task lamp beside a glare-controlled monitor"" || route /guides/home-office-lighting-what-to-compare-before-you-buy/ [hero] alt=""A home-office desk lit by filtered daylight and an adjustable task lamp beside a glare-controlled monitor"" || source src/pages/guides/home-office-lighting-what-to-compare-before-you-buy/index.astro:73 [source_literal] alt=""A home-office desk lit by filtered daylight and an adjustable task lamp beside a glare-controlled monitor""",A home-office desk lit by filtered daylight and an adjustable task lamp beside a glare-controlled monitor,3,2,reused,False,False,,,#3b362f:20% | #ae9883:20% | #6b625b:16% | #d4caba:16% | #8b7562:16%,grey | brown | warm_orange_grade,PENDING,NOT IN PHASE 1,,,,,,,,,
public/images/guides/home-office-setup-ideas-small-spaces.webp,home-office-setup-ideas-small-spaces.webp,webp,1600,720,2.2222,90922,"route /categories/home-office/ [inline] alt=""A slim home-office desk and chair fitted beside a wardrobe in a compact bedroom nook"" || route /guides/home-office-setup-ideas-small-spaces/ [hero] alt=""A slim home-office desk and chair fitted beside a wardrobe in a compact bedroom nook"" || route /guides/ [inline] alt=""A slim home-office desk and chair fitted beside a wardrobe in a compact bedroom nook"" || source src/pages/guides/home-office-setup-ideas-small-spaces/index.astro:118 [source_literal] alt=""A slim home-office desk and chair fitted beside a wardrobe in a compact bedroom nook""",A slim home-office desk and chair fitted beside a wardrobe in a compact bedroom nook,4,3,reused,False,False,,,#aea4a0:22% | #48423a:20% | #817975:17% | #978b84:14% | #c2bfc1:14%,grey,PENDING,NOT IN PHASE 1,,,,,,,,,
public/images/guides/home-office-storage-access-and-clearance-plan.svg,home-office-storage-access-and-clearance-plan.svg,svg,1440,960,1.5,14648,"route /guides/home-office-storage-for-paperwork-tech-and-supplies-what-to-plan-before-buying/ [inline] alt=""A home office plan showing daily, occasional and archive storage zones beside a desk, plus an open drawer, chair movement, printer access and a clear walking route"" || source src/pages/guides/home-office-storage-for-paperwork-tech-and-supplies-what-to-plan-before-buying/index.astro:172 [source_literal] alt=""A home office plan showing daily, occasional and archive storage zones beside a desk, plus an open drawer, chair movement, printer access and a clear walking route""","A home office plan showing daily, occasional and archive storage zones beside a desk, plus an open drawer, chair movement, printer access and a clear walking route",2,1,unique,False,False,,,#f6f3eb:28% | #e7eae4:26% | #f9fbfa:17% | #a0aea6:13% | #eff3f0:11%,grey | beige_or_cream,KEEP,FINAL KEEP,,5,5,3,5,5,5,4.67,A useful planning diagram with clear access and clearance information.
public/images/guides/home-office-video-call-background-and-desk-zone-setup-what-to-plan-before-buying.webp,home-office-video-call-background-and-desk-zone-setup-what-to-plan-before-buying.webp,webp,1600,720,2.2222,85216,"route /categories/home-office/ [inline] alt=""A home workstation viewed past a webcam and empty chair towards a calm, uncluttered video-call background"" || route /guides/home-office-video-call-background-and-desk-zone-setup-what-to-plan-before-buying/ [hero] alt=""A home workstation viewed past a webcam and empty chair towards a calm, uncluttered video-call background"" || source src/pages/guides/home-office-video-call-background-and-desk-zone-setup-what-to-plan-before-buying/index.astro:63 [source_literal] alt=""A home workstation viewed past a webcam and empty chair towards a calm, uncluttered video-call background""","A home workstation viewed past a webcam and empty chair towards a calm, uncluttered video-call background",3,2,reused,False,False,,,#28241e:23% | #b9b0a5:21% | #a09384:19% | #786855:14% | #514739:14%,grey | beige_or_cream | brown,PENDING,NOT IN PHASE 1,,,,,,,,,
public/images/guides/how-to-choose-the-right-dog-bed-for-your-home.webp,how-to-choose-the-right-dog-bed-for-your-home.webp,webp,1600,720,2.2222,123992,"route /categories/pets/ [inline] alt=""A calm border collie resting on a correctly sized charcoal dog bed in a quiet bedroom corner"" || route /guides/how-to-choose-the-right-dog-bed-for-your-home/ [hero] alt=""A calm border collie resting on a correctly sized charcoal dog bed in a quiet bedroom corner"" || source src/pages/guides/how-to-choose-the-right-dog-bed-for-your-home/index.astro:83 [source_literal] alt=""A calm border collie resting on a correctly sized charcoal dog bed in a quiet bedroom corner""",A calm border collie resting on a correctly sized charcoal dog bed in a quiet bedroom corner,3,2,reused,False,False,,,#c9c6bf:21% | #3b3229:20% | #b1aaa2:16% | #70614f:16% | #8c8072:16%,grey | beige_or_cream | brown,PENDING,NOT IN PHASE 1,,,,,,,,,
public/images/guides/kids-play-and-toy-storage-what-to-plan-before-buying.webp,kids-play-and-toy-storage-what-to-plan-before-buying.webp,webp,1600,720,2.2222,158390,"route /categories/nursery-kids/ [inline] alt=""Low playroom storage with large toys, blank-cover books and open baskets beside a clear section of floor"" || route /guides/kids-play-and-toy-storage-what-to-plan-before-buying/ [hero] alt=""Low playroom storage with large toys, blank-cover books and open baskets beside a clear section of floor"" || source src/pages/guides/kids-play-and-toy-storage-what-to-plan-before-buying/index.astro:53 [source_literal] alt=""Low playroom storage with large toys, blank-cover books and open baskets beside a clear section of floor""","Low playroom storage with large toys, blank-cover books and open baskets beside a clear section of floor",3,2,reused,False,False,,,#62361a:22% | #a06638:20% | #bda894:19% | #b18c6a:16% | #716243:12%,beige_or_cream | brown | coral_or_terracotta | warm_orange_grade,PENDING,NOT IN PHASE 1,,,,,,,,,
public/images/guides/kitchen-bench-space-what-to-clear-before-buying-more-storage.webp,kitchen-bench-space-what-to-clear-before-buying-more-storage.webp,webp,1600,720,2.2222,120258,"route /categories/kitchen/ [inline] alt=""A warm kitchen with clear bench space, timber cabinetry and green accents"" || route /guides/kitchen-bench-space-what-to-clear-before-buying-more-storage/ [hero] alt=""A warm kitchen with clear bench space, timber cabinetry and green accents"" || source src/pages/guides/kitchen-bench-space-what-to-clear-before-buying-more-storage/index.astro:68 [source_literal] alt=""A warm kitchen with clear bench space, timber cabinetry and green accents""","A warm kitchen with clear bench space, timber cabinetry and green accents",3,2,reused,False,False,,,#b48339:25% | #cbc8aa:21% | #614a2a:19% | #c0ac7d:15% | #e6e6ca:11%,brown | warm_orange_grade,PENDING,NOT IN PHASE 1,,,,,,,,,
public/images/guides/kitchen-container-storage-what-to-sort-before-buying-more-containers.webp,kitchen-container-storage-what-to-sort-before-buying-more-containers.webp,webp,1600,720,2.2222,92730,"route /categories/kitchen/ [inline] alt=""A warm kitchen with timber cabinetry, green accents and tidy everyday storage"" || route /guides/kitchen-container-storage-what-to-sort-before-buying-more-containers/ [hero] alt=""A warm kitchen with timber cabinetry, green accents and tidy everyday storage"" || source src/pages/guides/kitchen-container-storage-what-to-sort-before-buying-more-containers/index.astro:63 [source_literal] alt=""A warm kitchen with timber cabinetry, green accents and tidy everyday storage""","A warm kitchen with timber cabinetry, green accents and tidy everyday storage",3,2,reused,False,False,,,#111b27:26% | #3a444d:20% | #5c6058:17% | #959581:15% | #78766b:11%,grey,PENDING,NOT IN PHASE 1,,,,,,,,,
public/images/guides/kitchen-drawer-storage-what-to-measure-before-buying-organisers.webp,kitchen-drawer-storage-what-to-measure-before-buying-organisers.webp,webp,1600,720,2.2222,145130,"route /categories/kitchen/ [inline] alt=""A warm kitchen with timber cabinetry, green accents and tidy drawer storage"" || route /guides/kitchen-drawer-storage-what-to-measure-before-buying-organisers/ [hero] alt=""A warm kitchen with timber cabinetry, green accents and tidy drawer storage"" || source src/pages/guides/kitchen-drawer-storage-what-to-measure-before-buying-organisers/index.astro:96 [source_literal] alt=""A warm kitchen with timber cabinetry, green accents and tidy drawer storage""","A warm kitchen with timber cabinetry, green accents and tidy drawer storage",3,2,reused,False,False,,,#4c2922:22% | #938077:18% | #b4a9a6:18% | #534943:16% | #865144:15%,grey | coral_or_terracotta,PENDING,NOT IN PHASE 1,,,,,,,,,
public/images/guides/laundry-basket-storage-what-to-sort-before-buying-hampers-or-sorters.webp,laundry-basket-storage-what-to-sort-before-buying-hampers-or-sorters.webp,webp,1600,720,2.2222,165578,"route /categories/laundry/ [inline] alt=""A practical laundry room with warm finishes, baskets and tidy everyday storage"" || route /guides/laundry-basket-storage-what-to-sort-before-buying-hampers-or-sorters/ [hero] alt=""A practical laundry room with warm finishes, baskets and tidy everyday storage"" || source src/pages/guides/laundry-basket-storage-what-to-sort-before-buying-hampers-or-sorters/index.astro:86 [source_literal] alt=""A practical laundry room with warm finishes, baskets and tidy everyday storage""","A practical laundry room with warm finishes, baskets and tidy everyday storage",3,2,reused,False,False,,,#856555:22% | #5d4131:19% | #3e2418:19% | #947c6f:18% | #724c3a:13%,brown | coral_or_terracotta | warm_orange_grade,PENDING,NOT IN PHASE 1,,,,,,,,,
public/images/guides/laundry-drying-space-what-to-measure-before-buying-airers-or-racks.webp,laundry-drying-space-what-to-measure-before-buying-airers-or-racks.webp,webp,1600,720,2.2222,121882,"route /categories/laundry/ [inline] alt=""A practical laundry room with warm finishes, baskets and tidy everyday storage"" || route /guides/laundry-drying-space-what-to-measure-before-buying-airers-or-racks/ [hero] alt=""A practical laundry room with warm finishes, baskets and tidy everyday storage"" || source src/pages/guides/laundry-drying-space-what-to-measure-before-buying-airers-or-racks/index.astro:100 [source_literal] alt=""A practical laundry room with warm finishes, baskets and tidy everyday storage""","A practical laundry room with warm finishes, baskets and tidy everyday storage",3,2,reused,False,False,,,#67573e:20% | #c1ad92:19% | #d3c4af:19% | #9a896f:17% | #b29377:16%,beige_or_cream | brown | warm_orange_grade,PENDING,NOT IN PHASE 1,,,,,,,,,
public/images/guides/laundry-essentials-australian-homes.webp,laundry-essentials-australian-homes.webp,webp,1600,720,2.2222,163560,"route /categories/laundry/ [inline] alt=""A practical laundry room with warm finishes, baskets and tidy everyday storage"" || route /guides/laundry-essentials-australian-homes/ [hero] alt=""A practical laundry room with warm finishes, baskets and tidy everyday storage"" || source src/pages/guides/laundry-essentials-australian-homes/index.astro:57 [source_literal] alt=""A practical laundry room with warm finishes, baskets and tidy everyday storage""","A practical laundry room with warm finishes, baskets and tidy everyday storage",3,2,reused,False,False,,,#3c2517:22% | #9a8870:21% | #baac94:16% | #5c4b38:14% | #92583c:14%,beige_or_cream | brown | coral_or_terracotta | warm_orange_grade,PENDING,NOT IN PHASE 1,,,,,,,,,
public/images/guides/laundry-tub-storage-what-to-check-before-buying-under-sink-organisers.webp,laundry-tub-storage-what-to-check-before-buying-under-sink-organisers.webp,webp,1600,720,2.2222,82744,"route /categories/laundry/ [inline] alt=""A practical laundry room with warm finishes, baskets and tidy everyday storage"" || route /guides/laundry-tub-storage-what-to-check-before-buying-under-sink-organisers/ [hero] alt=""A practical laundry room with warm finishes, baskets and tidy everyday storage"" || source src/pages/guides/laundry-tub-storage-what-to-check-before-buying-under-sink-organisers/index.astro:58 [source_literal] alt=""A practical laundry room with warm finishes, baskets and tidy everyday storage""","A practical laundry room with warm finishes, baskets and tidy everyday storage",3,2,reused,False,False,,,#161712:19% | #3d3b33:17% | #292923:17% | #776c5b:17% | #b5a996:15%,beige_or_cream,PENDING,NOT IN PHASE 1,,,,,,,,,
public/images/guides/living-room-cable-management-what-to-plan-before-buying-organisers.webp,living-room-cable-management-what-to-plan-before-buying-organisers.webp,webp,1600,720,2.2222,144416,"route /categories/living-spaces/ [inline] alt=""Entertainment cables secured behind a timber TV unit with clips, a fabric sleeve and a ventilated power-board box"" || route /guides/living-room-cable-management-what-to-plan-before-buying-organisers/ [hero] alt=""Entertainment cables secured behind a timber TV unit with clips, a fabric sleeve and a ventilated power-board box"" || source src/pages/guides/living-room-cable-management-what-to-plan-before-buying-organisers/index.astro:69 [source_literal] alt=""Entertainment cables secured behind a timber TV unit with clips, a fabric sleeve and a ventilated power-board box""","Entertainment cables secured behind a timber TV unit with clips, a fabric sleeve and a ventilated power-board box",3,2,reused,False,False,,,#77593f:31% | #423326:19% | #ad9f91:15% | #9b8470:12% | #857461:12%,beige_or_cream | brown | warm_orange_grade,PENDING,NOT IN PHASE 1,,,,,,,,,
public/images/guides/living-room-lighting-ideas-for-australian-homes.webp,living-room-lighting-ideas-for-australian-homes.webp,webp,1600,720,2.2222,114812,"route /categories/living-spaces/ [inline] alt=""A living room using evening daylight, a ceiling light, a table lamp and a floor reading lamp without screen glare"" || route /guides/living-room-lighting-ideas-for-australian-homes/ [hero] alt=""A living room using evening daylight, a ceiling light, a table lamp and a floor reading lamp without screen glare"" || source src/pages/guides/living-room-lighting-ideas-for-australian-homes/index.astro:80 [source_literal] alt=""A living room using evening daylight, a ceiling light, a table lamp and a floor reading lamp without screen glare""","A living room using evening daylight, a ceiling light, a table lamp and a floor reading lamp without screen glare",3,2,reused,False,False,,,#13100d:22% | #654f3f:20% | #4d3c2f:19% | #2b2119:16% | #3e2a1b:16%,brown,PENDING,NOT IN PHASE 1,,,,,,,,,
public/images/guides/living-room-rug-size-and-placement-what-to-check-before-you-buy.webp,living-room-rug-size-and-placement-what-to-check-before-you-buy.webp,webp,1600,720,2.2222,230920,"route /categories/living-spaces/ [inline] alt=""A grey living-room rug sized beneath the front legs of a sofa and two armchairs with a clear timber-floor walkway"" || route /guides/living-room-rug-size-and-placement-what-to-check-before-you-buy/ [hero] alt=""A grey living-room rug sized beneath the front legs of a sofa and two armchairs with a clear timber-floor walkway"" || source src/pages/guides/living-room-rug-size-and-placement-what-to-check-before-you-buy/index.astro:78 [source_literal] alt=""A grey living-room rug sized beneath the front legs of a sofa and two armchairs with a clear timber-floor walkway""",A grey living-room rug sized beneath the front legs of a sofa and two armchairs with a clear timber-floor walkway,3,2,reused,False,False,,,#8a7969:21% | #41321e:20% | #62584c:17% | #a2958a:16% | #84613e:15%,grey | brown | warm_orange_grade,PENDING,NOT IN PHASE 1,,,,,,,,,
public/images/guides/living-room-storage-before-cluttered-zones.webp,living-room-storage-before-cluttered-zones.webp,webp,1536,1024,1.5,182776,"route /categories/living-spaces/ [inline] alt=""A lived-in living room with a rug, low furniture and everyday items near the floor"" || route /guides/living-room-storage-ideas-everyday-australian-homes/ [inline] alt=""Blankets, toys, books and media accessories spread across a living room and its walking route"" || route /guides/robot-vacuum-buying-guide-australia/ [hero] alt=""A lived-in living room with a rug, low furniture and everyday items near the floor"" || source src/pages/guides/living-room-storage-ideas-everyday-australian-homes/index.astro:173 [source_literal] alt=""Blankets, toys, books and media accessories spread across a living room and its walking route"" || source src/pages/guides/robot-vacuum-buying-guide-australia/index.astro:54 [source_literal] alt=""A lived-in living room with a rug, low furniture and everyday items near the floor""","A lived-in living room with a rug, low furniture and everyday items near the floor || Blankets, toys, books and media accessories spread across a living room and its walking route",5,3,reused,False,False,,near-01,#573d25:24% | #22150d:23% | #7c644f:14% | #9c836b:13% | #b6a189:13%,beige_or_cream | brown | warm_orange_grade,KEEP,FINAL KEEP,,5,4,3,4,4,4,4.0,Useful intentional before image. The scattered items show the problem without unsafe or implausible clutter.
public/images/guides/living-room-storage-everyday-zones.webp,living-room-storage-everyday-zones.webp,webp,1536,1024,1.5,196286,"route /categories/living-spaces/ [inline] alt=""The same living room with media, blankets and toys returned to small storage zones around a clear walking route"" || route /guides/living-room-storage-ideas-everyday-australian-homes/ [hero] alt=""The same living room with media, blankets and toys returned to small storage zones around a clear walking route"" || route /guides/living-room-storage-ideas-everyday-australian-homes/ [inline] alt=""The same living room with media, blankets and toys returned to small storage zones around a clear walking route"" || source src/pages/guides/living-room-storage-ideas-everyday-australian-homes/index.astro:88 [source_literal] alt=""The same living room with media, blankets and toys returned to small storage zones around a clear walking route"" || source src/pages/guides/living-room-storage-ideas-everyday-australian-homes/index.astro:184 [source_literal] alt=""The same living room with media, blankets and toys returned to small storage zones around a clear walking route""","The same living room with media, blankets and toys returned to small storage zones around a clear walking route",5,2,reused,False,False,,near-01,#20130d:20% | #8d745e:19% | #493423:18% | #b5a089:16% | #6e492c:16%,beige_or_cream | brown | warm_orange_grade,KEEP,FINAL KEEP,,5,4,3,4,4,4,4.0,Useful intentional after image with the same viewpoint and an obvious improvement in everyday zones.
public/images/guides/lower-waste-laundry-essentials.webp,lower-waste-laundry-essentials.webp,webp,1600,720,2.2222,104190,"route /categories/laundry/ [inline] alt=""Laundry baskets and washing supplies arranged in a compact Australian laundry"" || route /guides/lower-waste-laundry-essentials/ [hero] alt=""Laundry baskets and washing supplies arranged in a compact Australian laundry"" || source src/pages/guides/lower-waste-laundry-essentials/index.astro:52 [source_literal] alt=""Laundry baskets and washing supplies arranged in a compact Australian laundry""",Laundry baskets and washing supplies arranged in a compact Australian laundry,3,2,reused,False,False,,,#9e9d93:20% | #6d756b:20% | #565648:18% | #c0bdb0:17% | #868275:15%,grey,PENDING,NOT IN PHASE 1,,,,,,,,,
public/images/guides/nappy-change-station-checklist.webp,nappy-change-station-checklist.webp,webp,1600,720,2.2222,105656,"route /categories/nursery-kids/ [inline] alt=""A stable nappy-change surface with nappies, wipes, spare clothing and closed laundry and disposal bins within reach"" || route /guides/nappy-change-station-checklist/ [hero] alt=""A stable nappy-change surface with nappies, wipes, spare clothing and closed laundry and disposal bins within reach"" || source src/pages/guides/nappy-change-station-checklist/index.astro:53 [source_literal] alt=""A stable nappy-change surface with nappies, wipes, spare clothing and closed laundry and disposal bins within reach""","A stable nappy-change surface with nappies, wipes, spare clothing and closed laundry and disposal bins within reach",3,2,reused,False,False,,,#886c5a:25% | #593a25:22% | #9a8678:16% | #c0b9b6:15% | #d8d6d5:11%,grey | brown | coral_or_terracotta | warm_orange_grade,PENDING,NOT IN PHASE 1,,,,,,,,,
public/images/guides/new-puppy-essentials.webp,new-puppy-essentials.webp,webp,1600,720,2.2222,139290,"route /categories/pets/ [inline] alt=""A new-puppy zone with an open playpen, washable bed, plain bowls, safe toys and portable supplies"" || route /guides/new-puppy-essentials/ [hero] alt=""A new-puppy zone with an open playpen, washable bed, plain bowls, safe toys and portable supplies"" || source src/pages/guides/new-puppy-essentials/index.astro:58 [source_literal] alt=""A new-puppy zone with an open playpen, washable bed, plain bowls, safe toys and portable supplies""","A new-puppy zone with an open playpen, washable bed, plain bowls, safe toys and portable supplies",3,2,reused,False,False,,,#302c28:23% | #9c8a77:22% | #b0a295:15% | #5d5a52:14% | #856d56:14%,grey | beige_or_cream | brown | warm_orange_grade,PENDING,NOT IN PHASE 1,,,,,,,,,
public/images/guides/newborn-essentials.webp,newborn-essentials.webp,webp,1600,720,2.2222,162072,"route /categories/nursery-kids/ [inline] alt=""Newborn nappies, plain wraps, feeding cloths and clothing organised in drawers, baskets and a portable caddy"" || route /guides/newborn-essentials/ [hero] alt=""Newborn nappies, plain wraps, feeding cloths and clothing organised in drawers, baskets and a portable caddy"" || source src/pages/guides/newborn-essentials/index.astro:93 [source_literal] alt=""Newborn nappies, plain wraps, feeding cloths and clothing organised in drawers, baskets and a portable caddy""","Newborn nappies, plain wraps, feeding cloths and clothing organised in drawers, baskets and a portable caddy",3,2,reused,False,False,,,#35291f:23% | #a06e4b:22% | #775842:19% | #9c9189:13% | #c6c7cc:12%,brown | warm_orange_grade,PENDING,NOT IN PHASE 1,,,,,,,,,
public/images/guides/nursery-essentials-for-australian-homes.webp,nursery-essentials-for-australian-homes.webp,webp,1600,720,2.2222,135528,"route /categories/nursery-kids/ [inline] alt=""A functional nursery with an empty cot, change area, armchair, closed storage and a small laundry basket"" || route /guides/ [inline] alt=""A functional nursery with an empty cot, change area, armchair, closed storage and a small laundry basket"" || route /guides/nursery-essentials-for-australian-homes/ [hero] alt=""A functional nursery with an empty cot, change area, armchair, closed storage and a small laundry basket"" || route / [inline] alt=""A functional nursery with an empty cot, change area, armchair, closed storage and a small laundry basket"" || source src/pages/guides/nursery-essentials-for-australian-homes/index.astro:101 [source_literal] alt=""A functional nursery with an empty cot, change area, armchair, closed storage and a small laundry basket""","A functional nursery with an empty cot, change area, armchair, closed storage and a small laundry basket",5,4,reused,False,False,,,#908e8d:20% | #4a4844:18% | #6e6c6a:18% | #a4a4a4:17% | #7a7978:15%,grey,PENDING,NOT IN PHASE 1,,,,,,,,,
public/images/guides/nursery-storage-compact-room.webp,nursery-storage-compact-room.webp,webp,1536,1024,1.5,120266,"route /categories/nursery-kids/ [inline] alt=""A compact nursery with an empty cot, an open change-table drawer, low fabric baskets and higher storage"" || route /guides/nursery-storage-small-rooms/ [hero] alt=""A compact nursery with an empty cot, an open change-table drawer, low fabric baskets and higher storage"" || route /guides/nursery-storage-small-rooms/ [inline] alt=""A compact nursery with an empty cot, an open change-table drawer, low fabric baskets and higher storage"" || source src/pages/guides/nursery-storage-small-rooms/index.astro:96 [source_literal] alt=""A compact nursery with an empty cot, an open change-table drawer, low fabric baskets and higher storage"" || source src/pages/guides/nursery-storage-small-rooms/index.astro:183 [source_literal] alt=""A compact nursery with an empty cot, an open change-table drawer, low fabric baskets and higher storage""","A compact nursery with an empty cot, an open change-table drawer, low fabric baskets and higher storage",5,2,reused,False,False,,,#ae9c84:23% | #8c7a5a:19% | #6a5230:19% | #bdb09e:17% | #a38664:13%,beige_or_cream | brown | warm_orange_grade,KEEP,FINAL KEEP,,5,4,3,4,4,4,4.0,"A compact, plausible nursery where cot, change area, storage and walking space are visible."
public/images/guides/outdoor-dining-area-setup-what-to-measure-before-buying-furniture.webp,outdoor-dining-area-setup-what-to-measure-before-buying-furniture.webp,webp,1600,720,2.2222,222204,"route /categories/outdoor-garden/ [inline] alt=""A timber outdoor table and chairs with generous pull-out space and a clear path from the back door"" || route /guides/outdoor-dining-area-setup-what-to-measure-before-buying-furniture/ [hero] alt=""A timber outdoor table and chairs with generous pull-out space and a clear path from the back door"" || source src/pages/guides/outdoor-dining-area-setup-what-to-measure-before-buying-furniture/index.astro:83 [source_literal] alt=""A timber outdoor table and chairs with generous pull-out space and a clear path from the back door""",A timber outdoor table and chairs with generous pull-out space and a clear path from the back door,3,2,reused,False,False,,,#322e1f:26% | #615a4e:20% | #86817d:17% | #bba28e:14% | #d2c1b5:12%,grey,PENDING,NOT IN PHASE 1,,,,,,,,,
public/images/guides/outdoor-entertaining-area-setup-what-to-plan-before-buying-extra-furniture-and-accessories.webp,outdoor-entertaining-area-setup-what-to-plan-before-buying-extra-furniture-and-accessories.webp,webp,1600,720,2.2222,157998,"route /categories/outdoor-garden/ [inline] alt=""An empty covered patio with flexible chairs, a timber bench, serving console and secure overhead lights"" || route /guides/outdoor-entertaining-area-setup-what-to-plan-before-buying-extra-furniture-and-accessories/ [hero] alt=""An empty covered patio with flexible chairs, a timber bench, serving console and secure overhead lights"" || source src/pages/guides/outdoor-entertaining-area-setup-what-to-plan-before-buying-extra-furniture-and-accessories/index.astro:68 [source_literal] alt=""An empty covered patio with flexible chairs, a timber bench, serving console and secure overhead lights""","An empty covered patio with flexible chairs, a timber bench, serving console and secure overhead lights",3,2,reused,False,False,,,#43301c:24% | #1e160c:22% | #6d4623:15% | #865c38:14% | #513e2a:14%,brown | warm_orange_grade,PENDING,NOT IN PHASE 1,,,,,,,,,
public/images/guides/outdoor-lounge-area-setup-what-to-measure-before-buying-seating.webp,outdoor-lounge-area-setup-what-to-measure-before-buying-seating.webp,webp,1600,720,2.2222,182398,"route /categories/outdoor-garden/ [inline] alt=""A compact outdoor sofa and two mesh chairs arranged on a covered deck beside a clear walkway"" || route /guides/outdoor-lounge-area-setup-what-to-measure-before-buying-seating/ [hero] alt=""A compact outdoor sofa and two mesh chairs arranged on a covered deck beside a clear walkway"" || source src/pages/guides/outdoor-lounge-area-setup-what-to-measure-before-buying-seating/index.astro:78 [source_literal] alt=""A compact outdoor sofa and two mesh chairs arranged on a covered deck beside a clear walkway""",A compact outdoor sofa and two mesh chairs arranged on a covered deck beside a clear walkway,3,2,reused,False,False,,,#3b352f:21% | #93887a:20% | #635e51:16% | #b0a8a1:16% | #7d6859:16%,grey | brown,PENDING,NOT IN PHASE 1,,,,,,,,,
public/images/guides/outdoor-shade-setup-for-patios-and-backyards-what-to-check-before-buying.webp,outdoor-shade-setup-for-patios-and-backyards-what-to-check-before-buying.webp,webp,1600,720,2.2222,194724,"route /categories/outdoor-garden/ [inline] alt=""A retractable awning shading two patio chairs while late-afternoon sun reaches the open lawn"" || route /guides/outdoor-shade-setup-for-patios-and-backyards-what-to-check-before-buying/ [hero] alt=""A retractable awning shading two patio chairs while late-afternoon sun reaches the open lawn"" || source src/pages/guides/outdoor-shade-setup-for-patios-and-backyards-what-to-check-before-buying/index.astro:83 [source_literal] alt=""A retractable awning shading two patio chairs while late-afternoon sun reaches the open lawn""",A retractable awning shading two patio chairs while late-afternoon sun reaches the open lawn,3,2,reused,False,False,,,#4c3520:28% | #302316:22% | #927c3d:15% | #534638:13% | #6d4f34:12%,brown | warm_orange_grade,PENDING,NOT IN PHASE 1,,,,,,,,,
public/images/guides/outdoor-storage-brick-courtyard.webp,outdoor-storage-brick-courtyard.webp,webp,1440,960,1.5,241758,"route /categories/outdoor-garden/ [inline] alt=""A brick townhouse courtyard with an open garden cabinet, upright tool rack and clear path from the back door"" || route /guides/ [inline] alt=""A brick townhouse courtyard with an open garden cabinet, upright tool rack and clear path from the back door"" || route /guides/outdoor-storage-ideas-australian-patios-balconies-gardens/ [hero] alt=""A brick townhouse courtyard with an open garden cabinet, upright tool rack and clear path from the back door"" || route /guides/outdoor-storage-ideas-australian-patios-balconies-gardens/ [inline] alt=""A brick townhouse courtyard with an open garden cabinet, upright tool rack and clear path from the back door"" || source src/pages/guides/outdoor-storage-ideas-australian-patios-balconies-gardens/index.astro:88 [source_literal] alt=""A brick townhouse courtyard with an open garden cabinet, upright tool rack and clear path from the back door"" || source src/pages/guides/outdoor-storage-ideas-australian-patios-balconies-gardens/index.astro:149 [source_literal] alt=""A brick townhouse courtyard with an open garden cabinet, upright tool rack and clear path from the back door""","A brick townhouse courtyard with an open garden cabinet, upright tool rack and clear path from the back door",6,3,reused,False,False,,,#39362a:20% | #a98d70:19% | #5f5c43:17% | #bab09f:16% | #8e684e:15%,grey | beige_or_cream | brown | coral_or_terracotta | warm_orange_grade,KEEP,FINAL KEEP,,5,5,4,4,4,5,4.5,"A strong Australian-scale courtyard scene with weather exposure, access and storage placement easy to judge."
public/images/guides/outdoor-storage-for-small-australian-backyards-what-to-plan-before-buying.webp,outdoor-storage-for-small-australian-backyards-what-to-plan-before-buying.webp,webp,1600,720,2.2222,184216,"route /categories/outdoor-garden/ [inline] alt=""A narrow garden shed beside an open lawn and clear paved path in a compact suburban backyard"" || route /guides/outdoor-storage-for-small-australian-backyards-what-to-plan-before-buying/ [hero] alt=""A narrow garden shed beside an open lawn and clear paved path in a compact suburban backyard"" || source src/pages/guides/outdoor-storage-for-small-australian-backyards-what-to-plan-before-buying/index.astro:88 [source_literal] alt=""A narrow garden shed beside an open lawn and clear paved path in a compact suburban backyard""",A narrow garden shed beside an open lawn and clear paved path in a compact suburban backyard,3,2,reused,False,False,,,#343023:22% | #7d7a66:22% | #625a4f:16% | #cbd6e0:15% | #4b4b3a:15%,grey,PENDING,NOT IN PHASE 1,,,,,,,,,
public/images/guides/pantry-cabinet-measurement-plan.svg,pantry-cabinet-measurement-plan.svg,svg,1440,960,1.5,11318,"route /guides/pantry-storage-what-to-measure-before-buying-organisers/ [inline] alt=""Front and side pantry cabinet diagrams showing usable internal width, height and depth, the narrower door opening, hinge intrusion and pull-out clearance"" || source src/pages/guides/pantry-storage-what-to-measure-before-buying-organisers/index.astro:182 [source_literal] alt=""Front and side pantry cabinet diagrams showing usable internal width, height and depth, the narrower door opening, hinge intrusion and pull-out clearance""","Front and side pantry cabinet diagrams showing usable internal width, height and depth, the narrower door opening, hinge intrusion and pull-out clearance",2,1,unique,False,False,,,#f6f3eb:28% | #e5e8e4:21% | #ffffff:18% | #94a49d:13% | #fdfcf9:12%,grey | beige_or_cream,KEEP,FINAL KEEP,,5,5,3,5,5,5,4.67,A clear measurement diagram that directly supports the guide.
public/images/guides/pantry-storage-navy-walk-in.webp,pantry-storage-navy-walk-in.webp,webp,1536,1024,1.5,88934,"route /categories/kitchen/ [inline] alt=""A compact walk-in pantry with open shelves, navy drawers and a clear aisle"" || route /guides/pantry-storage-ideas-australian-kitchens/ [hero] alt=""A compact walk-in pantry with open shelves, navy drawers and a clear aisle"" || route /guides/pantry-storage-ideas-australian-kitchens/ [inline] alt=""A compact walk-in pantry with dark navy lower cabinets, white shelves, a clear aisle and one open white drawer holding low containers"" || route / [inline] alt=""A compact walk-in pantry with open shelves, navy drawers and a clear aisle"" || source src/pages/index.astro:84 [source_literal] alt=""A compact walk-in pantry with open shelves, navy drawers and a clear aisle."" || source src/pages/guides/pantry-storage-ideas-australian-kitchens/index.astro:54 [source_literal] alt=""A compact walk-in pantry with open shelves, navy drawers and a clear aisle"" || source src/pages/guides/pantry-storage-ideas-australian-kitchens/index.astro:73 [source_literal] alt=""A compact walk-in pantry with dark navy lower cabinets, white shelves, a clear aisle and one open white drawer holding low containers""","A compact walk-in pantry with dark navy lower cabinets, white shelves, a clear aisle and one open white drawer holding low containers || A compact walk-in pantry with open shelves, navy drawers and a clear aisle || A compact walk-in pantry with open shelves, navy drawers and a clear aisle.",7,3,reused,False,False,,,#a9a4a0:22% | #b1adab:21% | #48433e:19% | #918e89:16% | #a19994:14%,grey | beige_or_cream,MINOR EDIT,MINOR EDIT PENDING,,5,4,3,4,4,4,4.0,"Relevant and legible, but the dark grey and navy grading could be opened slightly so shelf depth and stored items read more clearly."
public/images/guides/pantry-storage-what-to-measure-before-buying-organisers.webp,pantry-storage-what-to-measure-before-buying-organisers.webp,webp,1600,720,2.2222,87104,"route /categories/kitchen/ [inline] alt=""A warm kitchen with timber cabinetry, green accents and tidy pantry-style storage"" || route /guides/pantry-storage-what-to-measure-before-buying-organisers/ [hero] alt=""A warm kitchen with timber cabinetry, green accents and tidy pantry-style storage"" || source src/pages/guides/pantry-storage-what-to-measure-before-buying-organisers/index.astro:102 [source_literal] alt=""A warm kitchen with timber cabinetry, green accents and tidy pantry-style storage""","A warm kitchen with timber cabinetry, green accents and tidy pantry-style storage",3,2,reused,False,False,,,#54360e:24% | #a89472:18% | #967a4f:17% | #816336:16% | #695335:13%,brown | warm_orange_grade,PENDING,NOT IN PHASE 1,,,,,,,,,
public/images/guides/pet-cleaning-supplies-what-to-check-before-buying-cleaning-gear.webp,pet-cleaning-supplies-what-to-check-before-buying-cleaning-gear.webp,webp,1600,720,2.2222,98224,"route /categories/pets/ [inline] alt=""Washable pet covers, a canister vacuum, drying rack and restrained cleaning supplies organised in a laundry"" || route /guides/pet-cleaning-supplies-what-to-check-before-buying-cleaning-gear/ [hero] alt=""Washable pet covers, a canister vacuum, drying rack and restrained cleaning supplies organised in a laundry"" || source src/pages/guides/pet-cleaning-supplies-what-to-check-before-buying-cleaning-gear/index.astro:87 [source_literal] alt=""Washable pet covers, a canister vacuum, drying rack and restrained cleaning supplies organised in a laundry""","Washable pet covers, a canister vacuum, drying rack and restrained cleaning supplies organised in a laundry",3,2,reused,False,False,,,#9d958f:25% | #453f39:19% | #7a7572:18% | #b2aca7:14% | #8c827a:14%,grey | beige_or_cream,PENDING,NOT IN PHASE 1,,,,,,,,,
public/images/guides/pet-essentials-before-scattered-supplies.webp,pet-essentials-before-scattered-supplies.webp,webp,1536,1024,1.5,166686,"route /categories/pets/ [inline] alt=""Pet bowls, lead, towel, brush and supplies scattered around the edges of a home's tiled route"" || route /guides/ [inline] alt=""Pet bowls, lead, towel, brush and supplies scattered around the edges of a home's tiled route"" || route /guides/pet-essentials-for-australian-homes/ [hero] alt=""Pet bowls, lead, towel, brush and supplies scattered around the edges of a home's tiled route"" || route /guides/pet-essentials-for-australian-homes/ [inline] alt=""Pet bowls, lead, towel, brush and supplies scattered around the edges of a home's tiled route"" || route / [inline] alt=""Pet bowls, lead, towel, brush and supplies scattered around the edges of a home's tiled route"" || source src/pages/guides/pet-essentials-for-australian-homes/index.astro:63 [source_literal] alt=""Pet bowls, lead, towel, brush and supplies scattered around the edges of a home"" || source src/pages/guides/pet-essentials-for-australian-homes/index.astro:112 [source_literal] alt=""Pet bowls, lead, towel, brush and supplies scattered around the edges of a home""","Pet bowls, lead, towel, brush and supplies scattered around the edges of a home || Pet bowls, lead, towel, brush and supplies scattered around the edges of a home's tiled route",7,4,reused,False,False,,near-02,#c9baa6:26% | #735836:22% | #d0c6ba:14% | #a69a87:13% | #beab95:13%,grey | beige_or_cream | brown | warm_orange_grade,KEEP,FINAL KEEP,,5,4,4,4,4,4,4.17,Useful intentional before image with pet supplies visibly interrupting circulation.
public/images/guides/pet-essentials-home-zones.webp,pet-essentials-home-zones.webp,webp,1536,1024,1.5,157980,"route /categories/ [inline] alt=""A dog resting in a practical pet zone with bedding, a lead, grooming supplies and clear household access"" || route /categories/pets/ [hero] alt=""A dog resting in a practical pet zone with bedding, a lead, grooming supplies and clear household access"" || route /guides/pet-essentials-for-australian-homes/ [inline] alt=""The same home with pet resting, feeding, cleaning and leaving supplies grouped into clear zones"" || route / [inline] alt=""A dog resting in a practical pet zone with bedding, a lead, grooming supplies and clear household access"" || source src/components/SimpleCategoryPage.astro:74 [source_literal] alt=""A dog resting in a practical pet zone with bedding, a lead, grooming supplies and clear household access"" || source src/pages/index.astro:38 [source_literal] alt=""A dog resting in a practical pet zone with bedding, a lead, grooming supplies and clear household access"" || source src/pages/index.astro:125 [source_literal] alt=""A dog resting in a practical pet zone with bedding, a lead, grooming supplies and clear household access"" || source src/pages/categories/index.astro:24 [source_literal] alt=""A dog resting in a practical pet zone with bedding, a lead, grooming supplies and clear household access"" || source src/pages/guides/pet-essentials-for-australian-homes/index.astro:123 [source_literal] alt=""The same home with pet resting, feeding, cleaning and leaving supplies grouped into clear zones""","A dog resting in a practical pet zone with bedding, a lead, grooming supplies and clear household access || The same home with pet resting, feeding, cleaning and leaving supplies grouped into clear zones",9,4,reused,True,False,,near-02,#735938:22% | #d0bda3:21% | #b2a28f:20% | #dcdddc:13% | #c3baac:12%,grey | beige_or_cream | brown | warm_orange_grade,KEEP,TEMPORARY SAFE FALLBACK,"Retained on its original guide and temporarily reused as the Pets category, card and guide fallback with one truthful general alt description.",5,4,4,4,4,4,4.17,Useful intentional after image with a clear feeding and storage zone.
public/images/guides/pet-feeding-station-ideas-for-australian-homes.webp,pet-feeding-station-ideas-for-australian-homes.webp,webp,1600,720,2.2222,39816,"route /categories/pets/ [inline] alt=""Plain food and water bowls on a raised-edge washable mat in an open tiled kitchen corner"" || route /guides/pet-feeding-station-ideas-for-australian-homes/ [hero] alt=""Plain food and water bowls on a raised-edge washable mat in an open tiled kitchen corner"" || source src/pages/guides/pet-feeding-station-ideas-for-australian-homes/index.astro:72 [source_literal] alt=""Plain food and water bowls on a raised-edge washable mat in an open tiled kitchen corner""",Plain food and water bowls on a raised-edge washable mat in an open tiled kitchen corner,3,2,reused,False,False,,,#c3bdb4:32% | #cbc8c1:15% | #ecedef:15% | #817d76:15% | #d1cfcb:13%,grey | beige_or_cream,PENDING,NOT IN PHASE 1,,,,,,,,,
public/images/guides/pet-food-storage-what-to-check-before-buying-containers.webp,pet-food-storage-what-to-check-before-buying-containers.webp,webp,1600,720,2.2222,53286,"route /categories/pets/ [inline] alt=""A sealed clear pet-food container holding an unbranded bag on a secure pantry shelf with a scoop and clean bowl"" || route /guides/pet-food-storage-what-to-check-before-buying-containers/ [hero] alt=""A sealed clear pet-food container holding an unbranded bag on a secure pantry shelf with a scoop and clean bowl"" || source src/pages/guides/pet-food-storage-what-to-check-before-buying-containers/index.astro:87 [source_literal] alt=""A sealed clear pet-food container holding an unbranded bag on a secure pantry shelf with a scoop and clean bowl""",A sealed clear pet-food container holding an unbranded bag on a secure pantry shelf with a scoop and clean bowl,3,2,reused,False,False,,,#524232:21% | #cfcac2:21% | #c4bdb2:20% | #92836a:15% | #a58e75:14%,grey | beige_or_cream | brown,PENDING,NOT IN PHASE 1,,,,,,,,,
public/images/guides/pet-gates-barriers-and-room-separation-what-to-check-before-you-buy.webp,pet-gates-barriers-and-room-separation-what-to-check-before-you-buy.webp,webp,1600,720,2.2222,86118,"route /categories/pets/ [inline] alt=""A fitted black pet gate with a secure latch across a flat internal doorway and a calm dog seated behind it"" || route /guides/pet-gates-barriers-and-room-separation-what-to-check-before-you-buy/ [hero] alt=""A fitted black pet gate with a secure latch across a flat internal doorway and a calm dog seated behind it"" || source src/pages/guides/pet-gates-barriers-and-room-separation-what-to-check-before-you-buy/index.astro:93 [source_literal] alt=""A fitted black pet gate with a secure latch across a flat internal doorway and a calm dog seated behind it""",A fitted black pet gate with a secure latch across a flat internal doorway and a calm dog seated behind it,3,2,reused,False,False,,,#998c7a:22% | #5d4328:21% | #aca496:17% | #786248:15% | #8f6947:14%,beige_or_cream | brown | warm_orange_grade,PENDING,NOT IN PHASE 1,,,,,,,,,
public/images/guides/pet-travel-essentials-what-to-check-before-buying-car-travel-gear.webp,pet-travel-essentials-what-to-check-before-buying-car-travel-gear.webp,webp,1600,720,2.2222,110694,"route /categories/pets/ [inline] alt=""A household packing zone with a secure pet carrier, travel harness, water bottle, collapsible bowl and folded blanket"" || route /guides/pet-travel-essentials-what-to-check-before-buying-car-travel-gear/ [hero] alt=""A household packing zone with a secure pet carrier, travel harness, water bottle, collapsible bowl and folded blanket"" || source src/pages/guides/pet-travel-essentials-what-to-check-before-buying-car-travel-gear/index.astro:77 [source_literal] alt=""A household packing zone with a secure pet carrier, travel harness, water bottle, collapsible bowl and folded blanket""","A household packing zone with a secure pet carrier, travel harness, water bottle, collapsible bowl and folded blanket",3,2,reused,False,False,,,#30271f:25% | #7a695a:24% | #a69c90:14% | #ebedee:14% | #dbdbd9:13%,grey | brown,PENDING,NOT IN PHASE 1,,,,,,,,,
public/images/guides/queenslander-laundry-working-clearance.webp,queenslander-laundry-working-clearance.webp,webp,1440,960,1.5,114556,"route /categories/laundry/ [inline] alt=""A colourful Queenslander-style laundry with an open top loader, narrow trolley, folded wall airer and clear floor route"" || route /guides/laundry-storage-what-to-measure-and-check-before-you-buy/ [hero] alt=""A colourful Queenslander-style laundry with an open top loader, narrow trolley, folded wall airer and clear floor route"" || route /guides/laundry-storage-what-to-measure-and-check-before-you-buy/ [inline] alt=""A colourful Queenslander-style laundry with an open top loader, narrow trolley, folded wall airer and clear floor route"" || source src/pages/guides/laundry-storage-what-to-measure-and-check-before-you-buy/index.astro:79 [source_literal] alt=""A colourful Queenslander-style laundry with an open top loader, narrow trolley, folded wall airer and clear floor route"" || source src/pages/guides/laundry-storage-what-to-measure-and-check-before-you-buy/index.astro:157 [source_literal] alt=""A colourful Queenslander-style laundry with an open top loader, narrow trolley, folded wall airer and clear floor route""","A colourful Queenslander-style laundry with an open top loader, narrow trolley, folded wall airer and clear floor route",5,2,reused,False,False,,,#aeaba6:27% | #351d1e:23% | #bcc2c4:16% | #d8ddd8:12% | #7e7f76:11%,grey,KEEP,FINAL KEEP,,5,4,4,5,4,5,4.5,A distinctive and practical Australian laundry showing top-loader lid clearance and a usable working path.
public/images/guides/rental-friendly-pet-setup-what-to-check-before-buying-pet-gear.webp,rental-friendly-pet-setup-what-to-check-before-buying-pet-gear.webp,webp,1600,720,2.2222,197760,"route /categories/pets/ [inline] alt=""A rental-friendly pet zone with removable floor protection, a washable sofa cover, freestanding barrier and portable storage"" || route /guides/rental-friendly-pet-setup-what-to-check-before-buying-pet-gear/ [hero] alt=""A rental-friendly pet zone with removable floor protection, a washable sofa cover, freestanding barrier and portable storage"" || source src/pages/guides/rental-friendly-pet-setup-what-to-check-before-buying-pet-gear/index.astro:67 [source_literal] alt=""A rental-friendly pet zone with removable floor protection, a washable sofa cover, freestanding barrier and portable storage""","A rental-friendly pet zone with removable floor protection, a washable sofa cover, freestanding barrier and portable storage",3,2,reused,False,False,,,#787067:22% | #504132:21% | #85827b:18% | #b5aea3:13% | #918a81:13%,grey,PENDING,NOT IN PHASE 1,,,,,,,,,
public/images/guides/renter-friendly-bathroom-storage-what-to-check-before-you-buy.webp,renter-friendly-bathroom-storage-what-to-check-before-you-buy.webp,webp,1600,720,2.2222,100414,"route /categories/bathroom/ [inline] alt=""A compact rental bathroom with a suction-mounted shower caddy, freestanding shelf, removable baskets and an over-door organiser"" || route /guides/renter-friendly-bathroom-storage-what-to-check-before-you-buy/ [hero] alt=""A compact rental bathroom with a suction-mounted shower caddy, freestanding shelf, removable baskets and an over-door organiser"" || source src/pages/guides/renter-friendly-bathroom-storage-what-to-check-before-you-buy/index.astro:73 [source_literal] alt=""A compact rental bathroom with a suction-mounted shower caddy, freestanding shelf, removable baskets and an over-door organiser""","A compact rental bathroom with a suction-mounted shower caddy, freestanding shelf, removable baskets and an over-door organiser",3,2,reused,False,False,,,#8d8477:27% | #5e564a:20% | #b7b4b1:14% | #969591:14% | #a59b90:13%,grey,PENDING,NOT IN PHASE 1,,,,,,,,,
public/images/guides/renter-friendly-garage-storage-what-to-check-before-you-buy.webp,renter-friendly-garage-storage-what-to-check-before-you-buy.webp,webp,1600,720,2.2222,112084,"route /categories/garage-storage/ [inline] alt=""A rental garage with freestanding shelves, a rolling cabinet, portable racks and removable storage baskets"" || route /guides/renter-friendly-garage-storage-what-to-check-before-you-buy/ [hero] alt=""A rental garage with freestanding shelves, a rolling cabinet, portable racks and removable storage baskets"" || source src/pages/guides/renter-friendly-garage-storage-what-to-check-before-you-buy/index.astro:58 [source_literal] alt=""A rental garage with freestanding shelves, a rolling cabinet, portable racks and removable storage baskets""","A rental garage with freestanding shelves, a rolling cabinet, portable racks and removable storage baskets",3,2,reused,False,False,,,#322d2a:21% | #aea398:20% | #c2b9b3:17% | #6d6053:16% | #877d71:15%,grey,PENDING,NOT IN PHASE 1,,,,,,,,,
public/images/guides/renter-friendly-kitchen-storage-what-to-check-before-you-buy.webp,renter-friendly-kitchen-storage-what-to-check-before-you-buy.webp,webp,1600,720,2.2222,98994,"route /categories/kitchen/ [inline] alt=""A warm compact kitchen with tidy removable storage and green accents"" || route /guides/renter-friendly-kitchen-storage-what-to-check-before-you-buy/ [hero] alt=""A warm compact kitchen with tidy removable storage and green accents"" || source src/pages/guides/renter-friendly-kitchen-storage-what-to-check-before-you-buy/index.astro:68 [source_literal] alt=""A warm compact kitchen with tidy removable storage and green accents""",A warm compact kitchen with tidy removable storage and green accents,3,2,reused,False,False,,,#6a2d19:26% | #cec7bc:18% | #a7917f:17% | #98543a:16% | #e7e4de:12%,grey | beige_or_cream | brown | coral_or_terracotta,PENDING,NOT IN PHASE 1,,,,,,,,,
public/images/guides/renter-friendly-laundry-storage-what-to-check-before-you-buy.webp,renter-friendly-laundry-storage-what-to-check-before-you-buy.webp,webp,1600,720,2.2222,92502,"route /categories/laundry/ [inline] alt=""A practical laundry room with warm finishes, baskets and tidy everyday storage"" || route /guides/renter-friendly-laundry-storage-what-to-check-before-you-buy/ [hero] alt=""A practical laundry room with warm finishes, baskets and tidy everyday storage"" || source src/pages/guides/renter-friendly-laundry-storage-what-to-check-before-you-buy/index.astro:68 [source_literal] alt=""A practical laundry room with warm finishes, baskets and tidy everyday storage""","A practical laundry room with warm finishes, baskets and tidy everyday storage",3,2,reused,False,False,,,#d7d4d4:24% | #786f62:20% | #d2cfcc:19% | #cec3b7:14% | #bdb6ad:14%,grey | beige_or_cream,PENDING,NOT IN PHASE 1,,,,,,,,,
public/images/guides/shallow-u-shaped-vanity-drawer.webp,shallow-u-shaped-vanity-drawer.webp,webp,1440,960,1.5,79006,"route /categories/bathroom/ [inline] alt=""A shallow white vanity drawer inside a blue cabinet with a U-shaped plumbing cut-out and items stored below its rim"" || route /guides/bathroom-vanity-storage-what-to-sort-before-buying-organisers/ [hero] alt=""A shallow white vanity drawer inside a blue cabinet with a U-shaped plumbing cut-out and items stored below its rim"" || route /guides/bathroom-vanity-storage-what-to-sort-before-buying-organisers/ [inline] alt=""A shallow white vanity drawer inside a blue cabinet with a U-shaped plumbing cut-out and items stored below its rim"" || source src/pages/guides/bathroom-vanity-storage-what-to-sort-before-buying-organisers/index.astro:101 [source_literal] alt=""A shallow white vanity drawer inside a blue cabinet with a U-shaped plumbing cut-out and items stored below its rim"" || source src/pages/guides/bathroom-vanity-storage-what-to-sort-before-buying-organisers/index.astro:198 [source_literal] alt=""A shallow white vanity drawer inside a blue cabinet with a U-shaped plumbing cut-out and items stored below its rim""",A shallow white vanity drawer inside a blue cabinet with a U-shaped plumbing cut-out and items stored below its rim,5,2,reused,False,False,,,#a49c93:23% | #1a2129:22% | #b3aea9:17% | #8e8478:14% | #69635c:13%,grey | beige_or_cream,KEEP,FINAL KEEP,,5,5,3,5,5,5,4.67,"A close, credible view of the drawer geometry and plumbing cut-out that directly explains the planning issue."
public/images/guides/shared-home-office-spaces-how-to-set-up-without-taking-over-the-room.webp,shared-home-office-spaces-how-to-set-up-without-taking-over-the-room.webp,webp,1600,720,2.2222,155662,"route /categories/home-office/ [inline] alt=""Two separate home workstations with shared basket storage and a clear path through a multipurpose room"" || route /guides/shared-home-office-spaces-how-to-set-up-without-taking-over-the-room/ [hero] alt=""Two separate home workstations with shared basket storage and a clear path through a multipurpose room"" || source src/pages/guides/shared-home-office-spaces-how-to-set-up-without-taking-over-the-room/index.astro:69 [source_literal] alt=""Two separate home workstations with shared basket storage and a clear path through a multipurpose room""",Two separate home workstations with shared basket storage and a clear path through a multipurpose room,3,2,reused,False,False,,,#9a9186:20% | #423526:19% | #736656:17% | #afafad:17% | #85715b:15%,grey | brown,PENDING,NOT IN PHASE 1,,,,,,,,,
public/images/guides/shower-storage-what-to-check-before-buying-caddies-or-shelves.webp,shower-storage-what-to-check-before-buying-caddies-or-shelves.webp,webp,1600,720,2.2222,57514,"route /categories/bathroom/ [inline] alt=""A tidy shower area with practical storage, warm bathroom finishes and soft natural light"" || route /guides/shower-storage-what-to-check-before-buying-caddies-or-shelves/ [hero] alt=""A tidy shower area with practical storage, warm bathroom finishes and soft natural light"" || source src/pages/guides/shower-storage-what-to-check-before-buying-caddies-or-shelves/index.astro:68 [source_literal] alt=""A tidy shower area with practical storage, warm bathroom finishes and soft natural light""","A tidy shower area with practical storage, warm bathroom finishes and soft natural light",3,2,reused,False,False,,,#bdbeb1:23% | #97a191:19% | #888b75:18% | #c9c8bd:15% | #dad7ce:13%,grey | beige_or_cream,PENDING,NOT IN PHASE 1,,,,,,,,,
public/images/guides/side-tables-coffee-tables-and-console-tables-what-to-compare-before-you-buy.webp,side-tables-coffee-tables-and-console-tables-what-to-compare-before-you-buy.webp,webp,1600,720,2.2222,191706,"route /categories/living-spaces/ [inline] alt=""A round coffee table and small lamp table positioned within reach of a sofa beside a clear hallway"" || route /guides/side-tables-coffee-tables-and-console-tables-what-to-compare-before-you-buy/ [hero] alt=""A round coffee table and small lamp table positioned within reach of a sofa beside a clear hallway"" || source src/pages/guides/side-tables-coffee-tables-and-console-tables-what-to-compare-before-you-buy/index.astro:73 [source_literal] alt=""A round coffee table and small lamp table positioned within reach of a sofa beside a clear hallway""",A round coffee table and small lamp table positioned within reach of a sofa beside a clear hallway,3,2,reused,False,False,,,#7e634b:27% | #503821:20% | #aca8a3:16% | #8e8073:16% | #9f8e80:11%,grey | brown | warm_orange_grade,PENDING,NOT IN PHASE 1,,,,,,,,,
public/images/guides/small-bathroom-storage-what-to-check-before-buying-shelves-or-caddies.webp,small-bathroom-storage-what-to-check-before-buying-shelves-or-caddies.webp,webp,1600,720,2.2222,53764,"route /categories/bathroom/ [inline] alt=""A compact bathroom with warm finishes, practical storage and soft natural light"" || route /guides/small-bathroom-storage-what-to-check-before-buying-shelves-or-caddies/ [hero] alt=""A compact bathroom with warm finishes, practical storage and soft natural light"" || source src/pages/guides/small-bathroom-storage-what-to-check-before-buying-shelves-or-caddies/index.astro:68 [source_literal] alt=""A compact bathroom with warm finishes, practical storage and soft natural light""","A compact bathroom with warm finishes, practical storage and soft natural light",3,2,reused,False,False,,,#99938a:22% | #ada9a2:18% | #9b9794:18% | #c0bdb7:18% | #837871:13%,grey | beige_or_cream,PENDING,NOT IN PHASE 1,,,,,,,,,
public/images/guides/small-garage-storage-what-to-check-before-buying-shelves-or-racks.webp,small-garage-storage-what-to-check-before-buying-shelves-or-racks.webp,webp,1600,720,2.2222,104714,"route /categories/garage-storage/ [inline] alt=""A compact single-car garage with a small hatchback, narrow freestanding shelving, a folded pram and a clear path to the internal door"" || route /guides/small-garage-storage-what-to-check-before-buying-shelves-or-racks/ [hero] alt=""A compact single-car garage with a small hatchback, narrow freestanding shelving, a folded pram and a clear path to the internal door"" || source src/pages/guides/small-garage-storage-what-to-check-before-buying-shelves-or-racks/index.astro:63 [source_literal] alt=""A compact single-car garage with a small hatchback, narrow freestanding shelving, a folded pram and a clear path to the internal door""","A compact single-car garage with a small hatchback, narrow freestanding shelving, a folded pram and a clear path to the internal door",3,2,reused,False,False,,,#968a7f:20% | #322d2b:20% | #53524f:18% | #b9b1ab:16% | #706150:14%,grey | brown,PENDING,NOT IN PHASE 1,,,,,,,,,
public/images/guides/small-kitchen-appliances-what-to-check-before-you-buy.webp,small-kitchen-appliances-what-to-check-before-you-buy.webp,webp,1600,720,2.2222,78452,"route /categories/kitchen/ [inline] alt=""A warm kitchen with timber cabinetry, green accents and practical appliance storage"" || route /guides/small-kitchen-appliances-what-to-check-before-you-buy/ [hero] alt=""A warm kitchen with timber cabinetry, green accents and practical appliance storage"" || source src/pages/guides/small-kitchen-appliances-what-to-check-before-you-buy/index.astro:63 [source_literal] alt=""A warm kitchen with timber cabinetry, green accents and practical appliance storage""","A warm kitchen with timber cabinetry, green accents and practical appliance storage",3,2,reused,False,False,,,#353d35:21% | #c6c4b3:18% | #3e7176:18% | #827363:16% | #809895:14%,grey,PENDING,NOT IN PHASE 1,,,,,,,,,
public/images/guides/small-laundry-storage-what-to-check-before-buying-organisers.webp,small-laundry-storage-what-to-check-before-buying-organisers.webp,webp,1600,720,2.2222,53016,"route /categories/laundry/ [inline] alt=""A practical laundry room with warm finishes, baskets and tidy everyday storage"" || route /guides/small-laundry-storage-what-to-check-before-buying-organisers/ [hero] alt=""A practical laundry room with warm finishes, baskets and tidy everyday storage"" || source src/pages/guides/small-laundry-storage-what-to-check-before-buying-organisers/index.astro:83 [source_literal] alt=""A practical laundry room with warm finishes, baskets and tidy everyday storage""","A practical laundry room with warm finishes, baskets and tidy everyday storage",3,2,reused,False,False,,,#c3c3c1:22% | #a1a6a5:19% | #7a756a:17% | #ebeae8:15% | #b6b1ac:15%,grey | beige_or_cream,PENDING,NOT IN PHASE 1,,,,,,,,,
public/images/guides/sofa-and-seating-layout-what-to-measure-before-buying-furniture.webp,sofa-and-seating-layout-what-to-measure-before-buying-furniture.webp,webp,1600,720,2.2222,115908,"route /categories/living-spaces/ [inline] alt=""A grey sofa and two armchairs arranged around a small table with clear access to the hallway and balcony"" || route /guides/sofa-and-seating-layout-what-to-measure-before-buying-furniture/ [hero] alt=""A grey sofa and two armchairs arranged around a small table with clear access to the hallway and balcony"" || source src/pages/guides/sofa-and-seating-layout-what-to-measure-before-buying-furniture/index.astro:63 [source_literal] alt=""A grey sofa and two armchairs arranged around a small table with clear access to the hallway and balcony""",A grey sofa and two armchairs arranged around a small table with clear access to the hallway and balcony,3,2,reused,False,False,,,#3e3327:20% | #aba79d:19% | #63574b:17% | #8f877e:17% | #73675d:17%,grey | brown,PENDING,NOT IN PHASE 1,,,,,,,,,
public/images/guides/sports-gear-storage-what-to-check-before-buying-hooks-racks-or-bins.webp,sports-gear-storage-what-to-check-before-buying-hooks-racks-or-bins.webp,webp,1600,720,2.2222,176474,"route /categories/garage-storage/ [inline] alt=""Bicycles, a scooter, helmets, balls and rackets organised in a practical garage sports-equipment zone"" || route /guides/sports-gear-storage-what-to-check-before-buying-hooks-racks-or-bins/ [hero] alt=""Bicycles, a scooter, helmets, balls and rackets organised in a practical garage sports-equipment zone"" || source src/pages/guides/sports-gear-storage-what-to-check-before-buying-hooks-racks-or-bins/index.astro:90 [source_literal] alt=""Bicycles, a scooter, helmets, balls and rackets organised in a practical garage sports-equipment zone""","Bicycles, a scooter, helmets, balls and rackets organised in a practical garage sports-equipment zone",3,2,reused,False,False,,,#878072:25% | #453d35:23% | #d1cbc1:14% | #a9a697:14% | #c3b8ab:13%,grey | beige_or_cream,PENDING,NOT IN PHASE 1,,,,,,,,,
public/images/guides/towel-storage-what-to-measure-before-buying-rails-hooks-or-shelves.webp,towel-storage-what-to-measure-before-buying-rails-hooks-or-shelves.webp,webp,1600,720,2.2222,109204,"route /categories/bathroom/ [inline] alt=""A tidy bathroom with warm finishes, soft light and practical everyday towel storage"" || route /guides/towel-storage-what-to-measure-before-buying-rails-hooks-or-shelves/ [hero] alt=""A tidy bathroom with warm finishes, soft light and practical everyday towel storage"" || source src/pages/guides/towel-storage-what-to-measure-before-buying-rails-hooks-or-shelves/index.astro:63 [source_literal] alt=""A tidy bathroom with warm finishes, soft light and practical everyday towel storage""","A tidy bathroom with warm finishes, soft light and practical everyday towel storage",3,2,reused,False,False,,,#a9623f:29% | #754223:21% | #be9c88:17% | #9c826b:14% | #c2aea1:10%,brown | coral_or_terracotta | warm_orange_grade,PENDING,NOT IN PHASE 1,,,,,,,,,
public/images/guides/toy-blanket-and-everyday-clutter-control-for-living-rooms.webp,toy-blanket-and-everyday-clutter-control-for-living-rooms.webp,webp,1600,720,2.2222,136974,"route /categories/living-spaces/ [inline] alt=""A living-room reset zone with toys in a canvas basket, folded blankets in an open ottoman and remotes grouped on a tray"" || route /guides/toy-blanket-and-everyday-clutter-control-for-living-rooms/ [hero] alt=""A living-room reset zone with toys in a canvas basket, folded blankets in an open ottoman and remotes grouped on a tray"" || source src/pages/guides/toy-blanket-and-everyday-clutter-control-for-living-rooms/index.astro:73 [source_literal] alt=""A living-room reset zone with toys in a canvas basket, folded blankets in an open ottoman and remotes grouped on a tray""","A living-room reset zone with toys in a canvas basket, folded blankets in an open ottoman and remotes grouped on a tray",3,2,reused,False,False,,,#322e2a:24% | #7d6f61:21% | #958d84:17% | #a4978c:15% | #bbb3b0:12%,grey,PENDING,NOT IN PHASE 1,,,,,,,,,
public/images/guides/tv-unit-and-media-storage-what-to-measure-before-you-buy.webp,tv-unit-and-media-storage-what-to-measure-before-you-buy.webp,webp,1600,720,2.2222,78800,"route /categories/living-spaces/ [inline] alt=""A low charcoal entertainment unit with ventilated media bays, accessible devices and an open accessories drawer"" || route /guides/tv-unit-and-media-storage-what-to-measure-before-you-buy/ [hero] alt=""A low charcoal entertainment unit with ventilated media bays, accessible devices and an open accessories drawer"" || source src/pages/guides/tv-unit-and-media-storage-what-to-measure-before-you-buy/index.astro:83 [source_literal] alt=""A low charcoal entertainment unit with ventilated media bays, accessible devices and an open accessories drawer""","A low charcoal entertainment unit with ventilated media bays, accessible devices and an open accessories drawer",3,2,reused,False,False,,,#0e0d0b:22% | #a49c92:19% | #3f372f:18% | #29231d:16% | #74695e:13%,grey | beige_or_cream | brown,PENDING,NOT IN PHASE 1,,,,,,,,,
public/images/guides/under-bed-storage-what-to-measure-before-you-buy.webp,under-bed-storage-what-to-measure-before-you-buy.webp,webp,1600,720,2.2222,124196,"route /categories/bedroom/ [inline] alt=""A calm bedroom with soft bedding and practical under-bed storage space"" || route /guides/under-bed-storage-what-to-measure-before-you-buy/ [hero] alt=""A calm bedroom with soft bedding and practical under-bed storage space"" || source src/pages/guides/under-bed-storage-what-to-measure-before-you-buy/index.astro:73 [source_literal] alt=""A calm bedroom with soft bedding and practical under-bed storage space""",A calm bedroom with soft bedding and practical under-bed storage space,3,2,reused,False,False,,,#794c33:28% | #4e2916:20% | #a78971:16% | #9d7051:13% | #786a5b:13%,brown | coral_or_terracotta | warm_orange_grade,PENDING,NOT IN PHASE 1,,,,,,,,,
public/images/guides/under-sink-bathroom-storage-what-to-check-before-buying-organisers.webp,under-sink-bathroom-storage-what-to-check-before-buying-organisers.webp,webp,1600,720,2.2222,63608,"route /categories/bathroom/ [inline] alt=""A bathroom vanity cabinet with practical under-sink storage and warm natural light"" || route /guides/under-sink-bathroom-storage-what-to-check-before-buying-organisers/ [hero] alt=""A bathroom vanity cabinet with practical under-sink storage and warm natural light"" || source src/pages/guides/under-sink-bathroom-storage-what-to-check-before-buying-organisers/index.astro:63 [source_literal] alt=""A bathroom vanity cabinet with practical under-sink storage and warm natural light""",A bathroom vanity cabinet with practical under-sink storage and warm natural light,3,2,reused,False,False,,,#a59889:22% | #6c6755:20% | #483d30:18% | #c2b4a9:17% | #947767:13%,grey | beige_or_cream | brown,PENDING,NOT IN PHASE 1,,,,,,,,,
public/images/guides/under-sink-kitchen-storage-what-to-check-before-you-buy.webp,under-sink-kitchen-storage-what-to-check-before-you-buy.webp,webp,1600,720,2.2222,71046,"route /categories/kitchen/ [inline] alt=""A warm kitchen with tidy under-sink storage and practical cleaning supplies"" || route /guides/under-sink-kitchen-storage-what-to-check-before-you-buy/ [hero] alt=""A warm kitchen with tidy under-sink storage and practical cleaning supplies"" || source src/pages/guides/under-sink-kitchen-storage-what-to-check-before-you-buy/index.astro:58 [source_literal] alt=""A warm kitchen with tidy under-sink storage and practical cleaning supplies""",A warm kitchen with tidy under-sink storage and practical cleaning supplies,3,2,reused,False,False,,,#200f0f:21% | #421b1d:19% | #6a4f4f:16% | #56262b:16% | #d6d6d7:14%,grey | coral_or_terracotta,PENDING,NOT IN PHASE 1,,,,,,,,,
public/images/guides/washing-machine-and-dryer-space-what-to-measure-before-buying-storage.webp,washing-machine-and-dryer-space-what-to-measure-before-buying-storage.webp,webp,1600,720,2.2222,92740,"route /categories/laundry/ [inline] alt=""A practical laundry room with warm finishes, baskets and tidy everyday storage"" || route /guides/washing-machine-and-dryer-space-what-to-measure-before-buying-storage/ [hero] alt=""A practical laundry room with warm finishes, baskets and tidy everyday storage"" || route / [inline] alt=""A practical laundry room with warm finishes, baskets and tidy everyday storage"" || source src/pages/guides/washing-machine-and-dryer-space-what-to-measure-before-buying-storage/index.astro:74 [source_literal] alt=""A practical laundry room with warm finishes, baskets and tidy everyday storage""","A practical laundry room with warm finishes, baskets and tidy everyday storage",4,3,reused,False,False,,,#73725f:22% | #c8bfb6:20% | #4f4c3d:17% | #aea498:15% | #847c70:15%,grey | beige_or_cream,PENDING,NOT IN PHASE 1,,,,,,,,,
public/images/gutter-maintenance-guide.webp,gutter-maintenance-guide.webp,webp,1600,720,2.2222,117642,"route /categories/outdoor-garden/ [inline] alt=""Clean gutters and a connected downpipe on an Australian home during autumn"" || route /guides/gutter-maintenance-guide/ [hero] alt=""Clean gutters and a connected downpipe on an Australian home during autumn"" || route /guides/gutter-maintenance-guide/ [open_graph] alt=""Clean gutters and a connected downpipe on an Australian home during autumn"" || source src/pages/guides/gutter-maintenance-guide/index.astro:44 [source_literal] alt=""Clean gutters and a connected downpipe on an Australian home during autumn"" || source src/pages/guides/gutter-maintenance-guide/index.astro:47 [source_literal] alt=""Clean gutters and a connected downpipe on an Australian home during autumn""",Clean gutters and a connected downpipe on an Australian home during autumn,5,2,reused,False,True,,,#433d2f:22% | #b8b0ad:20% | #978a7f:16% | #776c56:15% | #f0eff3:14%,grey,PENDING,NOT IN PHASE 1,,,,,,,,,
public/images/header-title.png,header-title.png,png,1200,300,4.0,142621,"route /404.html [inline] alt=""Australian Home Collective"" || route /about/ [inline] alt=""Australian Home Collective"" || route /affiliate-disclosure/ [inline] alt=""Australian Home Collective"" || route /australian-status-labels/ [inline] alt=""Australian Home Collective"" || route /categories/bathroom/ [inline] alt=""Australian Home Collective"" || route /categories/bedroom/ [inline] alt=""Australian Home Collective"" || route /categories/garage-storage/ [inline] alt=""Australian Home Collective"" || route /categories/home-office/ [inline] alt=""Australian Home Collective"" || route /categories/ [inline] alt=""Australian Home Collective"" || route /categories/kitchen/ [inline] alt=""Australian Home Collective"" || route /categories/laundry/ [inline] alt=""Australian Home Collective"" || route /categories/living-spaces/ [inline] alt=""Australian Home Collective"" || route /categories/nursery-kids/ [inline] alt=""Australian Home Collective"" || route /categories/outdoor-garden/ [inline] alt=""Australian Home Collective"" || route /categories/pets/ [inline] alt=""Australian Home Collective"" || route /contact/ [inline] alt=""Australian Home Collective"" || route /corrections-content-review-policy/ [inline] alt=""Australian Home Collective"" || route /editorial-standards/ [inline] alt=""Australian Home Collective"" || route /guides/air-conditioning-buying-guide/ [inline] alt=""Australian Home Collective"" || route /guides/australian-made-gift-ideas-under-100/ [inline] alt=""Australian Home Collective"" || route /guides/baby-bath-time-essentials/ [inline] alt=""Australian Home Collective"" || route /guides/baby-change-station-setup-what-to-check-before-you-buy/ [inline] alt=""Australian Home Collective"" || route /guides/baby-monitors-australia/ [inline] alt=""Australian Home Collective"" || route /guides/baby-outing-essentials-what-to-pack-before-leaving-the-house/ [inline] alt=""Australian Home Collective"" || route /guides/balcony-and-courtyard-garden-setup-what-to-plan-before-buying-pots-and-planters/ [inline] alt=""Australian Home Collective"" || route /guides/barbecue-area-setup-what-to-measure-before-buying-outdoor-cooking-gear/ [inline] alt=""Australian Home Collective"" || route /guides/bassinet-vs-cot/ [inline] alt=""Australian Home Collective"" || route /guides/bathroom-essentials-australian-homes/ [inline] alt=""Australian Home Collective"" || route /guides/bathroom-product-storage-what-to-sort-before-buying-organisers/ [inline] alt=""Australian Home Collective"" || route /guides/bathroom-storage-products-worth-considering/ [inline] alt=""Australian Home Collective"" || route /guides/bathroom-storage-what-to-measure-and-check-before-you-buy/ [inline] alt=""Australian Home Collective"" || route /guides/bathroom-vanity-storage-what-to-sort-before-buying-organisers/ [inline] alt=""Australian Home Collective"" || route /guides/bedding-and-linen-basics-for-australian-bedrooms/ [inline] alt=""Australian Home Collective"" || route /guides/bedroom-drawers-tallboys-and-dressers-what-to-check-before-you-buy/ [inline] alt=""Australian Home Collective"" || route /guides/bedroom-essentials-for-a-more-comfortable-home/ [inline] alt=""Australian Home Collective"" || route /guides/bedroom-lighting-and-window-coverings-what-to-compare-before-you-buy/ [inline] alt=""Australian Home Collective"" || route /guides/bedroom-storage-ideas-small-australian-rooms/ [inline] alt=""Australian Home Collective"" || route /guides/bedroom-wardrobe-organisation-what-to-sort-before-buying-storage/ [inline] alt=""Australian Home Collective"" || route /guides/bedside-table-setup-what-to-check-before-you-buy/ [inline] alt=""Australian Home Collective"" || route /guides/best-kitchen-storage-ideas-small-australian-homes/ [inline] alt=""Australian Home Collective"" || route /guides/cat-litter-tray-setup-what-to-plan-before-you-buy/ [inline] alt=""Australian Home Collective"" || route /guides/ceiling-fans-before-you-buy/ [inline] alt=""Australian Home Collective"" || route /guides/cleaning-product-storage-what-to-check-before-buying-cabinets-or-caddies/ [inline] alt=""Australian Home Collective"" || route /guides/coffee-machine-types-australia/ [inline] alt=""Australian Home Collective"" || route /guides/condensation-and-mould-during-winter/ [inline] alt=""Australian Home Collective"" || route /guides/cookware-materials-compared/ [inline] alt=""Australian Home Collective"" || route /guides/cordless-stick-vacuums-australia/ [inline] alt=""Australian Home Collective"" || route /guides/dishwasher-sizes-australia/ [inline] alt=""Australian Home Collective"" || route /guides/electric-blankets-vs-heated-throws/ [inline] alt=""Australian Home Collective"" || route /guides/everyday-kitchen-essentials-australian-homes/ [inline] alt=""Australian Home Collective"" || route /guides/fan-heater-vs-ceramic-heater/ [inline] alt=""Australian Home Collective"" || route /guides/fridge-dimensions-australia/ [inline] alt=""Australian Home Collective"" || route /guides/garage-shelving-what-to-measure-before-buying-storage-units/ [inline] alt=""Australian Home Collective"" || route /guides/garage-storage-ideas-busy-australian-homes/ [inline] alt=""Australian Home Collective"" || route /guides/garage-storage-tubs-what-to-sort-before-buying-more-containers/ [inline] alt=""Australian Home Collective"" || route /guides/garage-storage-what-to-measure-and-check-before-you-buy/ [inline] alt=""Australian Home Collective"" || route /guides/garage-tool-storage-what-to-sort-before-buying-cabinets-or-pegboards/ [inline] alt=""Australian Home Collective"" || route /guides/garage-wall-storage-what-to-check-before-buying-hooks-rails-or-panels/ [inline] alt=""Australian Home Collective"" || route /guides/garden-tool-care-and-seasonal-outdoor-reset/ [inline] alt=""Australian Home Collective"" || route /guides/gutter-maintenance-guide/ [inline] alt=""Australian Home Collective"" || route /guides/heat-pump-vs-condenser-vs-vented-dryers/ [inline] alt=""Australian Home Collective"" || route /guides/heating-a-bedroom-overnight-comfort/ [inline] alt=""Australian Home Collective"" || route /guides/heating-an-open-plan-living-area/ [inline] alt=""Australian Home Collective"" || route /guides/home-heating-options-australia/ [inline] alt=""Australian Home Collective"" || route /guides/home-insulation-basics/ [inline] alt=""Australian Home Collective"" || route /guides/home-office-cable-management-what-to-plan-before-buying-organisers/ [inline] alt=""Australian Home Collective"" || route /guides/home-office-chair-and-seating-what-to-check-before-you-buy/ [inline] alt=""Australian Home Collective"" || route /guides/home-office-desk-setup-what-to-measure-before-you-buy/ [inline] alt=""Australian Home Collective"" || route /guides/home-office-lighting-what-to-compare-before-you-buy/ [inline] alt=""Australian Home Collective"" || route /guides/home-office-setup-ideas-small-spaces/ [inline] alt=""Australian Home Collective"" || route /guides/home-office-storage-for-paperwork-tech-and-supplies-what-to-plan-before-buying/ [inline] alt=""Australian Home Collective"" || route /guides/home-office-video-call-background-and-desk-zone-setup-what-to-plan-before-buying/ [inline] alt=""Australian Home Collective"" || route /guides/how-to-choose-the-right-dog-bed-for-your-home/ [inline] alt=""Australian Home Collective"" || route /guides/ [inline] alt=""Australian Home Collective"" || route /guides/kids-play-and-toy-storage-what-to-plan-before-buying/ [inline] alt=""Australian Home Collective"" || route /guides/kitchen-bench-space-what-to-clear-before-buying-more-storage/ [inline] alt=""Australian Home Collective"" || route /guides/kitchen-container-storage-what-to-sort-before-buying-more-containers/ [inline] alt=""Australian Home Collective"" || route /guides/kitchen-drawer-storage-what-to-measure-before-buying-organisers/ [inline] alt=""Australian Home Collective"" || route /guides/laundry-basket-storage-what-to-sort-before-buying-hampers-or-sorters/ [inline] alt=""Australian Home Collective"" || route /guides/laundry-drying-space-what-to-measure-before-buying-airers-or-racks/ [inline] alt=""Australian Home Collective"" || route /guides/laundry-essentials-australian-homes/ [inline] alt=""Australian Home Collective"" || route /guides/laundry-organisation-ideas-that-save-space/ [inline] alt=""Australian Home Collective"" || route /guides/laundry-storage-what-to-measure-and-check-before-you-buy/ [inline] alt=""Australian Home Collective"" || route /guides/laundry-tub-storage-what-to-check-before-buying-under-sink-organisers/ [inline] alt=""Australian Home Collective"" || route /guides/lawn-care-basics/ [inline] alt=""Australian Home Collective"" || route /guides/living-room-cable-management-what-to-plan-before-buying-organisers/ [inline] alt=""Australian Home Collective"" || route /guides/living-room-lighting-ideas-for-australian-homes/ [inline] alt=""Australian Home Collective"" || route /guides/living-room-rug-size-and-placement-what-to-check-before-you-buy/ [inline] alt=""Australian Home Collective"" || route /guides/living-room-storage-ideas-everyday-australian-homes/ [inline] alt=""Australian Home Collective"" || route /guides/lower-waste-laundry-essentials/ [inline] alt=""Australian Home Collective"" || route /guides/mattress-sizes-australia/ [inline] alt=""Australian Home Collective"" || route /guides/nappy-change-station-checklist/ [inline] alt=""Australian Home Collective"" || route /guides/new-puppy-essentials/ [inline] alt=""Australian Home Collective"" || route /guides/newborn-essentials/ [inline] alt=""Australian Home Collective"" || route /guides/nursery-essentials-for-australian-homes/ [inline] alt=""Australian Home Collective"" || route /guides/nursery-storage-small-rooms/ [inline] alt=""Australian Home Collective"" || route /guides/oil-column-heater-vs-panel-heater/ [inline] alt=""Australian Home Collective"" || route /guides/outdoor-dining-area-setup-what-to-measure-before-buying-furniture/ [inline] alt=""Australian Home Collective"" || route /guides/outdoor-entertaining-area-setup-what-to-plan-before-buying-extra-furniture-and-accessories/ [inline] alt=""Australian Home Collective"" || route /guides/outdoor-lounge-area-setup-what-to-measure-before-buying-seating/ [inline] alt=""Australian Home Collective"" || route /guides/outdoor-shade-setup-for-patios-and-backyards-what-to-check-before-buying/ [inline] alt=""Australian Home Collective"" || route /guides/outdoor-storage-for-small-australian-backyards-what-to-plan-before-buying/ [inline] alt=""Australian Home Collective"" || route /guides/outdoor-storage-ideas-australian-patios-balconies-gardens/ [inline] alt=""Australian Home Collective"" || route /guides/pantry-storage-ideas-australian-kitchens/ [inline] alt=""Australian Home Collective"" || route /guides/pantry-storage-what-to-measure-before-buying-organisers/ [inline] alt=""Australian Home Collective"" || route /guides/pet-cleaning-supplies-what-to-check-before-buying-cleaning-gear/ [inline] alt=""Australian Home Collective"" || route /guides/pet-essentials-for-australian-homes/ [inline] alt=""Australian Home Collective"" || route /guides/pet-feeding-station-ideas-for-australian-homes/ [inline] alt=""Australian Home Collective"" || route /guides/pet-food-storage-what-to-check-before-buying-containers/ [inline] alt=""Australian Home Collective"" || route /guides/pet-friendly-home-products-for-australian-households/ [inline] alt=""Australian Home Collective"" || route /guides/pet-gates-barriers-and-room-separation-what-to-check-before-you-buy/ [inline] alt=""Australian Home Collective"" || route /guides/pet-travel-essentials-what-to-check-before-buying-car-travel-gear/ [inline] alt=""Australian Home Collective"" || route /guides/preparing-your-home-for-winter/ [inline] alt=""Australian Home Collective"" || route /guides/reduce-draughts-before-buying-bigger-heater/ [inline] alt=""Australian Home Collective"" || route /guides/rental-friendly-pet-setup-what-to-check-before-buying-pet-gear/ [inline] alt=""Australian Home Collective"" || route /guides/renter-friendly-bathroom-storage-what-to-check-before-you-buy/ [inline] alt=""Australian Home Collective"" || route /guides/renter-friendly-garage-storage-what-to-check-before-you-buy/ [inline] alt=""Australian Home Collective"" || route /guides/renter-friendly-kitchen-storage-what-to-check-before-you-buy/ [inline] alt=""Australian Home Collective"" || route /guides/renter-friendly-laundry-storage-what-to-check-before-you-buy/ [inline] alt=""Australian Home Collective"" || route /guides/reverse-cycle-heating-explained/ [inline] alt=""Australian Home Collective"" || route /guides/robot-vacuum-buying-guide-australia/ [inline] alt=""Australian Home Collective"" || route /guides/shared-home-office-spaces-how-to-set-up-without-taking-over-the-room/ [inline] alt=""Australian Home Collective"" || route /guides/shower-storage-what-to-check-before-buying-caddies-or-shelves/ [inline] alt=""Australian Home Collective"" || route /guides/side-tables-coffee-tables-and-console-tables-what-to-compare-before-you-buy/ [inline] alt=""Australian Home Collective"" || route /guides/small-bathroom-storage-what-to-check-before-buying-shelves-or-caddies/ [inline] alt=""Australian Home Collective"" || route /guides/small-garage-storage-what-to-check-before-buying-shelves-or-racks/ [inline] alt=""Australian Home Collective"" || route /guides/small-kitchen-appliances-what-to-check-before-you-buy/ [inline] alt=""Australian Home Collective"" || route /guides/small-laundry-storage-what-to-check-before-buying-organisers/ [inline] alt=""Australian Home Collective"" || route /guides/sofa-and-seating-layout-what-to-measure-before-buying-furniture/ [inline] alt=""Australian Home Collective"" || route /guides/sports-gear-storage-what-to-check-before-buying-hooks-racks-or-bins/ [inline] alt=""Australian Home Collective"" || route /guides/spring-cleaning-checklist/ [inline] alt=""Australian Home Collective"" || route /guides/towel-storage-what-to-measure-before-buying-rails-hooks-or-shelves/ [inline] alt=""Australian Home Collective"" || route /guides/toy-blanket-and-everyday-clutter-control-for-living-rooms/ [inline] alt=""Australian Home Collective"" || route /guides/tv-unit-and-media-storage-what-to-measure-before-you-buy/ [inline] alt=""Australian Home Collective"" || route /guides/under-bed-storage-what-to-measure-before-you-buy/ [inline] alt=""Australian Home Collective"" || route /guides/under-sink-bathroom-storage-what-to-check-before-buying-organisers/ [inline] alt=""Australian Home Collective"" || route /guides/under-sink-kitchen-storage-what-to-check-before-you-buy/ [inline] alt=""Australian Home Collective"" || route /guides/washing-machine-and-dryer-space-what-to-measure-before-buying-storage/ [inline] alt=""Australian Home Collective"" || route /how-we-select-products/ [inline] alt=""Australian Home Collective"" || route / [inline] alt=""Australian Home Collective"" || route /our-approach/ [inline] alt=""Australian Home Collective"" || route /privacy-policy/ [inline] alt=""Australian Home Collective"" || route /search/ [inline] alt=""Australian Home Collective"" || route /seasonal/ [inline] alt=""Australian Home Collective"" || source src/components/SiteHeader.astro:20 [source_literal] alt=""Australian Home Collective""",Australian Home Collective,145,144,reused,False,False,,near-03,#fbf3e9:75% | #d2cabb:16% | #fbf3e8:6% | #faf3e9:3% | #fcf3ea:1%,grey | beige_or_cream,KEEP,FINAL KEEP,,5,5,3,5,5,5,4.67,"The primary publication wordmark. Its embedded lettering and logo are intentional brand identity, not decorative article imagery."
public/images/header-title.webp,header-title.webp,webp,1200,300,4.0,29146,"route /404.html [responsive_source] || route /about/ [responsive_source] || route /affiliate-disclosure/ [responsive_source] || route /australian-status-labels/ [responsive_source] || route /categories/bathroom/ [responsive_source] || route /categories/bedroom/ [responsive_source] || route /categories/garage-storage/ [responsive_source] || route /categories/home-office/ [responsive_source] || route /categories/ [responsive_source] || route /categories/kitchen/ [responsive_source] || route /categories/laundry/ [responsive_source] || route /categories/living-spaces/ [responsive_source] || route /categories/nursery-kids/ [responsive_source] || route /categories/outdoor-garden/ [responsive_source] || route /categories/pets/ [responsive_source] || route /contact/ [responsive_source] || route /corrections-content-review-policy/ [responsive_source] || route /editorial-standards/ [responsive_source] || route /guides/air-conditioning-buying-guide/ [responsive_source] || route /guides/australian-made-gift-ideas-under-100/ [responsive_source] || route /guides/baby-bath-time-essentials/ [responsive_source] || route /guides/baby-change-station-setup-what-to-check-before-you-buy/ [responsive_source] || route /guides/baby-monitors-australia/ [responsive_source] || route /guides/baby-outing-essentials-what-to-pack-before-leaving-the-house/ [responsive_source] || route /guides/balcony-and-courtyard-garden-setup-what-to-plan-before-buying-pots-and-planters/ [responsive_source] || route /guides/barbecue-area-setup-what-to-measure-before-buying-outdoor-cooking-gear/ [responsive_source] || route /guides/bassinet-vs-cot/ [responsive_source] || route /guides/bathroom-essentials-australian-homes/ [responsive_source] || route /guides/bathroom-product-storage-what-to-sort-before-buying-organisers/ [responsive_source] || route /guides/bathroom-storage-products-worth-considering/ [responsive_source] || route /guides/bathroom-storage-what-to-measure-and-check-before-you-buy/ [responsive_source] || route /guides/bathroom-vanity-storage-what-to-sort-before-buying-organisers/ [responsive_source] || route /guides/bedding-and-linen-basics-for-australian-bedrooms/ [responsive_source] || route /guides/bedroom-drawers-tallboys-and-dressers-what-to-check-before-you-buy/ [responsive_source] || route /guides/bedroom-essentials-for-a-more-comfortable-home/ [responsive_source] || route /guides/bedroom-lighting-and-window-coverings-what-to-compare-before-you-buy/ [responsive_source] || route /guides/bedroom-storage-ideas-small-australian-rooms/ [responsive_source] || route /guides/bedroom-wardrobe-organisation-what-to-sort-before-buying-storage/ [responsive_source] || route /guides/bedside-table-setup-what-to-check-before-you-buy/ [responsive_source] || route /guides/best-kitchen-storage-ideas-small-australian-homes/ [responsive_source] || route /guides/cat-litter-tray-setup-what-to-plan-before-you-buy/ [responsive_source] || route /guides/ceiling-fans-before-you-buy/ [responsive_source] || route /guides/cleaning-product-storage-what-to-check-before-buying-cabinets-or-caddies/ [responsive_source] || route /guides/coffee-machine-types-australia/ [responsive_source] || route /guides/condensation-and-mould-during-winter/ [responsive_source] || route /guides/cookware-materials-compared/ [responsive_source] || route /guides/cordless-stick-vacuums-australia/ [responsive_source] || route /guides/dishwasher-sizes-australia/ [responsive_source] || route /guides/electric-blankets-vs-heated-throws/ [responsive_source] || route /guides/everyday-kitchen-essentials-australian-homes/ [responsive_source] || route /guides/fan-heater-vs-ceramic-heater/ [responsive_source] || route /guides/fridge-dimensions-australia/ [responsive_source] || route /guides/garage-shelving-what-to-measure-before-buying-storage-units/ [responsive_source] || route /guides/garage-storage-ideas-busy-australian-homes/ [responsive_source] || route /guides/garage-storage-tubs-what-to-sort-before-buying-more-containers/ [responsive_source] || route /guides/garage-storage-what-to-measure-and-check-before-you-buy/ [responsive_source] || route /guides/garage-tool-storage-what-to-sort-before-buying-cabinets-or-pegboards/ [responsive_source] || route /guides/garage-wall-storage-what-to-check-before-buying-hooks-rails-or-panels/ [responsive_source] || route /guides/garden-tool-care-and-seasonal-outdoor-reset/ [responsive_source] || route /guides/gutter-maintenance-guide/ [responsive_source] || route /guides/heat-pump-vs-condenser-vs-vented-dryers/ [responsive_source] || route /guides/heating-a-bedroom-overnight-comfort/ [responsive_source] || route /guides/heating-an-open-plan-living-area/ [responsive_source] || route /guides/home-heating-options-australia/ [responsive_source] || route /guides/home-insulation-basics/ [responsive_source] || route /guides/home-office-cable-management-what-to-plan-before-buying-organisers/ [responsive_source] || route /guides/home-office-chair-and-seating-what-to-check-before-you-buy/ [responsive_source] || route /guides/home-office-desk-setup-what-to-measure-before-you-buy/ [responsive_source] || route /guides/home-office-lighting-what-to-compare-before-you-buy/ [responsive_source] || route /guides/home-office-setup-ideas-small-spaces/ [responsive_source] || route /guides/home-office-storage-for-paperwork-tech-and-supplies-what-to-plan-before-buying/ [responsive_source] || route /guides/home-office-video-call-background-and-desk-zone-setup-what-to-plan-before-buying/ [responsive_source] || route /guides/how-to-choose-the-right-dog-bed-for-your-home/ [responsive_source] || route /guides/ [responsive_source] || route /guides/kids-play-and-toy-storage-what-to-plan-before-buying/ [responsive_source] || route /guides/kitchen-bench-space-what-to-clear-before-buying-more-storage/ [responsive_source] || route /guides/kitchen-container-storage-what-to-sort-before-buying-more-containers/ [responsive_source] || route /guides/kitchen-drawer-storage-what-to-measure-before-buying-organisers/ [responsive_source] || route /guides/laundry-basket-storage-what-to-sort-before-buying-hampers-or-sorters/ [responsive_source] || route /guides/laundry-drying-space-what-to-measure-before-buying-airers-or-racks/ [responsive_source] || route /guides/laundry-essentials-australian-homes/ [responsive_source] || route /guides/laundry-organisation-ideas-that-save-space/ [responsive_source] || route /guides/laundry-storage-what-to-measure-and-check-before-you-buy/ [responsive_source] || route /guides/laundry-tub-storage-what-to-check-before-buying-under-sink-organisers/ [responsive_source] || route /guides/lawn-care-basics/ [responsive_source] || route /guides/living-room-cable-management-what-to-plan-before-buying-organisers/ [responsive_source] || route /guides/living-room-lighting-ideas-for-australian-homes/ [responsive_source] || route /guides/living-room-rug-size-and-placement-what-to-check-before-you-buy/ [responsive_source] || route /guides/living-room-storage-ideas-everyday-australian-homes/ [responsive_source] || route /guides/lower-waste-laundry-essentials/ [responsive_source] || route /guides/mattress-sizes-australia/ [responsive_source] || route /guides/nappy-change-station-checklist/ [responsive_source] || route /guides/new-puppy-essentials/ [responsive_source] || route /guides/newborn-essentials/ [responsive_source] || route /guides/nursery-essentials-for-australian-homes/ [responsive_source] || route /guides/nursery-storage-small-rooms/ [responsive_source] || route /guides/oil-column-heater-vs-panel-heater/ [responsive_source] || route /guides/outdoor-dining-area-setup-what-to-measure-before-buying-furniture/ [responsive_source] || route /guides/outdoor-entertaining-area-setup-what-to-plan-before-buying-extra-furniture-and-accessories/ [responsive_source] || route /guides/outdoor-lounge-area-setup-what-to-measure-before-buying-seating/ [responsive_source] || route /guides/outdoor-shade-setup-for-patios-and-backyards-what-to-check-before-buying/ [responsive_source] || route /guides/outdoor-storage-for-small-australian-backyards-what-to-plan-before-buying/ [responsive_source] || route /guides/outdoor-storage-ideas-australian-patios-balconies-gardens/ [responsive_source] || route /guides/pantry-storage-ideas-australian-kitchens/ [responsive_source] || route /guides/pantry-storage-what-to-measure-before-buying-organisers/ [responsive_source] || route /guides/pet-cleaning-supplies-what-to-check-before-buying-cleaning-gear/ [responsive_source] || route /guides/pet-essentials-for-australian-homes/ [responsive_source] || route /guides/pet-feeding-station-ideas-for-australian-homes/ [responsive_source] || route /guides/pet-food-storage-what-to-check-before-buying-containers/ [responsive_source] || route /guides/pet-friendly-home-products-for-australian-households/ [responsive_source] || route /guides/pet-gates-barriers-and-room-separation-what-to-check-before-you-buy/ [responsive_source] || route /guides/pet-travel-essentials-what-to-check-before-buying-car-travel-gear/ [responsive_source] || route /guides/preparing-your-home-for-winter/ [responsive_source] || route /guides/reduce-draughts-before-buying-bigger-heater/ [responsive_source] || route /guides/rental-friendly-pet-setup-what-to-check-before-buying-pet-gear/ [responsive_source] || route /guides/renter-friendly-bathroom-storage-what-to-check-before-you-buy/ [responsive_source] || route /guides/renter-friendly-garage-storage-what-to-check-before-you-buy/ [responsive_source] || route /guides/renter-friendly-kitchen-storage-what-to-check-before-you-buy/ [responsive_source] || route /guides/renter-friendly-laundry-storage-what-to-check-before-you-buy/ [responsive_source] || route /guides/reverse-cycle-heating-explained/ [responsive_source] || route /guides/robot-vacuum-buying-guide-australia/ [responsive_source] || route /guides/shared-home-office-spaces-how-to-set-up-without-taking-over-the-room/ [responsive_source] || route /guides/shower-storage-what-to-check-before-buying-caddies-or-shelves/ [responsive_source] || route /guides/side-tables-coffee-tables-and-console-tables-what-to-compare-before-you-buy/ [responsive_source] || route /guides/small-bathroom-storage-what-to-check-before-buying-shelves-or-caddies/ [responsive_source] || route /guides/small-garage-storage-what-to-check-before-buying-shelves-or-racks/ [responsive_source] || route /guides/small-kitchen-appliances-what-to-check-before-you-buy/ [responsive_source] || route /guides/small-laundry-storage-what-to-check-before-buying-organisers/ [responsive_source] || route /guides/sofa-and-seating-layout-what-to-measure-before-buying-furniture/ [responsive_source] || route /guides/sports-gear-storage-what-to-check-before-buying-hooks-racks-or-bins/ [responsive_source] || route /guides/spring-cleaning-checklist/ [responsive_source] || route /guides/towel-storage-what-to-measure-before-buying-rails-hooks-or-shelves/ [responsive_source] || route /guides/toy-blanket-and-everyday-clutter-control-for-living-rooms/ [responsive_source] || route /guides/tv-unit-and-media-storage-what-to-measure-before-you-buy/ [responsive_source] || route /guides/under-bed-storage-what-to-measure-before-you-buy/ [responsive_source] || route /guides/under-sink-bathroom-storage-what-to-check-before-buying-organisers/ [responsive_source] || route /guides/under-sink-kitchen-storage-what-to-check-before-you-buy/ [responsive_source] || route /guides/washing-machine-and-dryer-space-what-to-measure-before-buying-storage/ [responsive_source] || route /how-we-select-products/ [responsive_source] || route / [responsive_source] || route /our-approach/ [responsive_source] || route /privacy-policy/ [responsive_source] || route /search/ [responsive_source] || route /seasonal/ [responsive_source] || source src/components/SiteHeader.astro:18 [source_literal] alt=""Australian Home Collective""",Australian Home Collective,145,144,reused,False,False,,near-03,#fbf4e8:68% | #dbd3c5:17% | #fcf4e8:7% | #faf4e8:4% | #fbf4e7:4%,grey | beige_or_cream,KEEP,FINAL KEEP,,5,5,3,5,5,5,4.67,Alternate-format publication wordmark. Perceptually identical to the PNG but retained because both formats are currently referenced.
public/images/heating-a-bedroom-overnight-comfort.webp,heating-a-bedroom-overnight-comfort.webp,webp,1600,720,2.2222,100844,"route /categories/bedroom/ [inline] alt=""A winter bedroom with closed curtains, reverse-cycle air conditioning, warm bedding and an electric-blanket controller on the bedside table"" || route /guides/heating-a-bedroom-overnight-comfort/ [hero] alt=""A winter bedroom with closed curtains, reverse-cycle air conditioning, warm bedding and an electric-blanket controller on the bedside table"" || route /guides/heating-a-bedroom-overnight-comfort/ [open_graph] alt=""A winter bedroom with closed curtains, reverse-cycle air conditioning, warm bedding and an electric-blanket controller on the bedside table"" || source src/pages/guides/heating-a-bedroom-overnight-comfort/index.astro:17 [source_literal] alt=""A winter bedroom with closed curtains, reverse-cycle air conditioning, warm bedding and an electric-blanket controller on the bedside table""","A winter bedroom with closed curtains, reverse-cycle air conditioning, warm bedding and an electric-blanket controller on the bedside table",4,2,reused,False,True,,,#6b5a50:24% | #322216:21% | #493b32:16% | #5c4635:13% | #7c706c:13%,brown | warm_orange_grade,PENDING,NOT IN PHASE 1,,,,,,,,,
public/images/heating-an-open-plan-living-area.webp,heating-an-open-plan-living-area.webp,webp,1600,720,2.2222,71522,"route /categories/living-spaces/ [inline] alt=""An open-plan Australian kitchen, dining and living area heated by a wall-mounted reverse-cycle air conditioner"" || route /guides/heating-an-open-plan-living-area/ [hero] alt=""An open-plan Australian kitchen, dining and living area heated by a wall-mounted reverse-cycle air conditioner"" || route /guides/heating-an-open-plan-living-area/ [open_graph] alt=""An open-plan Australian kitchen, dining and living area heated by a wall-mounted reverse-cycle air conditioner"" || source src/pages/guides/heating-an-open-plan-living-area/index.astro:26 [source_literal] alt=""An open-plan Australian kitchen, dining and living area heated by a wall-mounted reverse-cycle air conditioner"" || source src/pages/guides/heating-an-open-plan-living-area/index.astro:28 [source_literal] alt=""An open-plan Australian kitchen, dining and living area heated by a wall-mounted reverse-cycle air conditioner""","An open-plan Australian kitchen, dining and living area heated by a wall-mounted reverse-cycle air conditioner",5,2,reused,False,True,,,#2b251d:21% | #705e4d:18% | #4a3e30:17% | #3b3630:17% | #a19487:14%,grey | brown,PENDING,NOT IN PHASE 1,,,,,,,,,
public/images/home-heating-options-australia.webp,home-heating-options-australia.webp,webp,1600,720,2.2222,94926,"route /categories/living-spaces/ [inline] alt=""A winter living room with a reverse-cycle air conditioner, an oil column heater and a folded heated throw"" || route /guides/home-heating-options-australia/ [hero] alt=""A winter living room with a reverse-cycle air conditioner, an oil column heater and a folded heated throw"" || route /guides/home-heating-options-australia/ [open_graph] alt=""A winter living room with a reverse-cycle air conditioner, an oil column heater and a folded heated throw"" || source src/pages/guides/home-heating-options-australia/index.astro:59 [source_literal] alt=""A winter living room with a reverse-cycle air conditioner, an oil column heater and a folded heated throw"" || source src/pages/guides/home-heating-options-australia/index.astro:61 [source_literal] alt=""A winter living room with a reverse-cycle air conditioner, an oil column heater and a folded heated throw""","A winter living room with a reverse-cycle air conditioner, an oil column heater and a folded heated throw",5,2,reused,False,True,,,#7a736b:27% | #514539:21% | #9b9c9b:15% | #868583:14% | #938d88:12%,grey,PENDING,NOT IN PHASE 1,,,,,,,,,
public/images/home-insulation-basics.webp,home-insulation-basics.webp,webp,1600,720,2.2222,171344,"route /categories/living-spaces/ [inline] alt=""A cutaway of an Australian home showing insulation in the ceiling, roof and external wall"" || route /guides/home-insulation-basics/ [hero] alt=""A cutaway of an Australian home showing insulation in the ceiling, roof and external wall"" || route /guides/home-insulation-basics/ [open_graph] alt=""A cutaway of an Australian home showing insulation in the ceiling, roof and external wall"" || source src/pages/guides/home-insulation-basics/index.astro:33 [source_literal] alt=""A cutaway of an Australian home showing insulation in the ceiling, roof and external wall"" || source src/pages/guides/home-insulation-basics/index.astro:35 [source_literal] alt=""A cutaway of an Australian home showing insulation in the ceiling, roof and external wall""","A cutaway of an Australian home showing insulation in the ceiling, roof and external wall",5,2,reused,False,True,,,#c1ae9a:21% | #473829:20% | #71604e:17% | #ac977f:17% | #8b6f52:15%,beige_or_cream | brown | warm_orange_grade,PENDING,NOT IN PHASE 1,,,,,,,,,
public/images/home-lifestyle-hero.jpg,home-lifestyle-hero.jpg,jpg,1800,1100,1.6364,231907,"route / [inline] alt=""A warm Australian home interior with timber furniture, greenery, kitchen and living spaces"" || source src/pages/index.astro:147 [source_literal] alt=""A warm Australian home interior with timber furniture, greenery, kitchen and living spaces""","A warm Australian home interior with timber furniture, greenery, kitchen and living spaces",2,1,unique,False,False,,,#2b251a:22% | #90755a:20% | #b6a28d:17% | #403b2b:16% | #604b34:14%,beige_or_cream | brown | warm_orange_grade,REPLACE,REPLACEMENT ASSET PENDING,,3,4,2,4,4,2,3.17,"A technically sound but generic beige, pale-timber and muted-green home scene. As the broad homepage image it sets the repetitive visual tone the revised standard is intended to correct."
public/images/home-office.webp,home-office.webp,webp,900,620,1.4516,48612,"route /categories/home-office/ [hero] alt=""A warm home office with a timber desk, greenery and soft natural light"" || route /categories/ [inline] alt=""A warm home office with a timber desk, greenery and soft natural light."" || route / [inline] alt=""A compact home office setup with a tidy desk, warm light and practical storage."" || source src/components/SimpleCategoryPage.astro:106 [source_literal] alt=""A warm home office with a timber desk, greenery and soft natural light"" || source src/pages/index.astro:59 [source_literal] alt=""A compact home office setup with a tidy desk, warm light and practical storage."" || source src/pages/categories/index.astro:66 [source_literal] alt=""A warm home office with a timber desk, greenery and soft natural light.""","A compact home office setup with a tidy desk, warm light and practical storage. || A warm home office with a timber desk, greenery and soft natural light || A warm home office with a timber desk, greenery and soft natural light.",6,3,reused,True,False,,,#392b15:22% | #a48766:19% | #c6af95:17% | #7f6342:16% | #5f4e31:15%,beige_or_cream | brown | warm_orange_grade,REPLACE,REPLACEMENT ASSET PENDING,,2,4,2,3,4,2,2.83,"Generic timber desk styling reused across office guides with different planning claims. It does not show storage access, cable control, lighting or ergonomic clearances with enough specificity."
public/images/kitchen.webp,kitchen.webp,webp,1280,896,1.4286,75488,"route /categories/ [inline] alt=""A tidy kitchen bench with greenery, timber details and warm natural light."" || route /categories/kitchen/ [hero] alt=""A warm kitchen with timber cabinetry, green accents and a tidy benchtop"" || route / [inline] alt=""A warm kitchen with timber cabinetry, green accents and a tidy benchtop."" || source src/components/SimpleCategoryPage.astro:70 [source_literal] alt=""A warm kitchen with timber cabinetry, green accents and a tidy benchtop"" || source src/pages/index.astro:10 [source_literal] alt=""A warm kitchen with timber cabinetry, green accents and a tidy benchtop."" || source src/pages/index.astro:93 [source_literal] alt=""A warm kitchen with timber cabinetry, green accents and practical everyday kitchen storage."" || source src/pages/categories/index.astro:17 [source_literal] alt=""A tidy kitchen bench with greenery, timber details and warm natural light.""","A tidy kitchen bench with greenery, timber details and warm natural light. || A warm kitchen with timber cabinetry, green accents and a tidy benchtop || A warm kitchen with timber cabinetry, green accents and a tidy benchtop. || A warm kitchen with timber cabinetry, green accents and practical everyday kitchen storage.",7,3,reused,True,False,,,#3b3423:23% | #9f8668:21% | #b4a58e:18% | #5a503c:16% | #7b5e40:12%,beige_or_cream | brown | warm_orange_grade,REPLACE,REPLACEMENT ASSET PENDING,,2,4,2,4,4,2,3.0,"The most heavily reused category fallback after the brand assets. It is a generic beige and timber display kitchen serving 14 routes whose specific appliance, pantry, storage and workflow details are not visible."
public/images/laundry.webp,laundry.webp,webp,1280,1004,1.2749,127970,"route /categories/ [inline] alt=""A practical laundry room with warm finishes and tidy storage."" || route /categories/laundry/ [hero] alt=""A practical laundry room with warm finishes and tidy storage"" || route / [inline] alt=""A practical laundry room with warm finishes and tidy storage."" || source src/components/SimpleCategoryPage.astro:78 [source_literal] alt=""A practical laundry room with warm finishes and tidy storage"" || source src/pages/index.astro:17 [source_literal] alt=""A practical laundry room with warm finishes and tidy storage."" || source src/pages/index.astro:117 [source_literal] alt=""A practical laundry room with warm finishes, baskets and tidy everyday storage."" || source src/pages/categories/index.astro:31 [source_literal] alt=""A practical laundry room with warm finishes and tidy storage.""","A practical laundry room with warm finishes and tidy storage || A practical laundry room with warm finishes and tidy storage. || A practical laundry room with warm finishes, baskets and tidy everyday storage.",7,3,reused,True,False,,,#a69786:21% | #4e4334:19% | #7d7161:18% | #bcae9e:17% | #95816d:16%,beige_or_cream | brown | warm_orange_grade,REPLACE,REPLACEMENT ASSET PENDING,,2,4,2,4,4,2,3.0,"A polished grey and timber laundry reused across 14 routes. It cannot honestly support guide-specific alt text about top loaders, renters, narrow rooms, hampers, drying or linen storage."
public/images/lawn-care-basics.webp,lawn-care-basics.webp,webp,1600,720,2.2222,191990,"route /categories/outdoor-garden/ [inline] alt=""An Australian backyard lawn with a safely parked mower, garden tools, hose reel and a small area of thinner grass"" || route /guides/lawn-care-basics/ [hero] alt=""An Australian backyard lawn with a safely parked mower, garden tools, hose reel and a small area of thinner grass"" || route /guides/lawn-care-basics/ [open_graph] alt=""An Australian backyard lawn with a safely parked mower, garden tools, hose reel and a small area of thinner grass"" || source src/pages/guides/lawn-care-basics/index.astro:39 [source_literal] alt=""An Australian backyard lawn with a safely parked mower, garden tools, hose reel and a small area of thinner grass"" || source src/pages/guides/lawn-care-basics/index.astro:41 [source_literal] alt=""An Australian backyard lawn with a safely parked mower, garden tools, hose reel and a small area of thinner grass""","An Australian backyard lawn with a safely parked mower, garden tools, hose reel and a small area of thinner grass",5,2,reused,False,True,,,#5d5b3f:24% | #333227:22% | #737742:16% | #a29a62:14% | #8c8455:14%,,PENDING,NOT IN PHASE 1,,,,,,,,,
public/images/living-room.webp,living-room.webp,webp,1280,896,1.4286,110898,"route /categories/ [inline] alt=""A warm living room with timber furniture, soft linen and indoor greenery."" || route /categories/living-spaces/ [hero] alt=""A warm living room with timber shelving, soft furnishings and natural light"" || route /guides/australian-made-gift-ideas-under-100/ [hero] alt=""A small gift for the home wrapped on a timber table in warm natural light"" || route /guides/ [inline] alt=""A small gift for the home wrapped on a timber table in warm natural light"" || route / [inline] alt=""A warm living room with tidy storage, soft seating and natural light."" || source src/components/SimpleCategoryPage.astro:90 [source_literal] alt=""A warm living room with timber shelving, soft furnishings and natural light"" || source src/components/SimpleGuidePage.astro:21 [source_literal] || source src/layouts/CategoryHubLayout.astro:27 [source_literal] alt=""A warm, tidy Australian home interior"" || source src/pages/index.astro:52 [source_literal] alt=""A warm living room with tidy storage, soft seating and natural light."" || source src/pages/categories/index.astro:52 [source_literal] alt=""A warm living room with timber furniture, soft linen and indoor greenery."" || source src/pages/guides/australian-made-gift-ideas-under-100/index.astro:47 [source_literal] alt=""A small gift for the home wrapped on a timber table in warm natural light""","A small gift for the home wrapped on a timber table in warm natural light || A warm living room with tidy storage, soft seating and natural light. || A warm living room with timber furniture, soft linen and indoor greenery. || A warm living room with timber shelving, soft furnishings and natural light || A warm, tidy Australian home interior",11,5,reused,True,False,,,#a38c6e:21% | #422f1c:20% | #6b543a:17% | #886b4c:16% | #c0b09a:15%,beige_or_cream | brown | warm_orange_grade,REPLACE,REPLACEMENT ASSET PENDING,,2,4,2,3,4,2,2.83,"A generic beige and timber living room reused across 12 routes. It does not explain TV placement, cable control, toy storage, traffic flow or small-room layout."
public/images/Media Room.webp,Media Room.webp,webp,1280,896,1.4286,359905,,,0,0,unique,False,False,,,#352f2a:22% | #2a221c:19% | #141210:19% | #1e2020:16% | #5b4f44:13%,brown,REPLACE,REPLACEMENT ASSET PENDING,,3,4,2,3,4,2,3.0,Apparently unused. The dark stone and timber room feels niche and high-end rather than representative; replace only if the file is brought back into use.
public/images/nursery-home-hero.png,nursery-home-hero.png,png,1536,1024,1.5,2441811,,,0,0,unique,False,False,,,#714b29:18% | #9a7951:18% | #c4ab8e:18% | #d9cdbe:16% | #b18356:16%,beige_or_cream | brown | warm_orange_grade,KEEP,FINAL KEEP,,5,4,3,4,4,4,4.0,"Apparently unused, but it is a credible nursery source with cot, change area and circulation visible. Preserve for possible deliberate reuse."
public/images/Nursery-kids.webp,Nursery-kids.webp,webp,1280,896,1.4286,368810,"route /categories/ [inline] alt=""A tidy nursery room with timber furniture, soft lighting and practical baby storage."" || route /categories/nursery-kids/ [hero] alt=""A tidy nursery room with timber furniture, soft lighting and practical baby storage"" || route / [inline] alt=""A tidy nursery room with timber furniture, soft lighting and practical baby storage."" || source src/components/SimpleCategoryPage.astro:66 [source_literal] alt=""A tidy nursery room with timber furniture, soft lighting and practical baby storage"" || source src/components/SimpleGuidePage.astro:21 [source_literal] || source src/pages/index.astro:45 [source_literal] alt=""A tidy nursery room with timber furniture, soft lighting and practical baby storage."" || source src/pages/index.astro:133 [source_literal] alt=""A tidy nursery room with timber furniture, soft lighting and practical baby storage."" || source src/pages/categories/index.astro:10 [source_literal] alt=""A tidy nursery room with timber furniture, soft lighting and practical baby storage."" || source src/pages/categories/nursery-kids/index.astro:28 [source_literal] alt=""A tidy nursery room with timber furniture, soft lighting and practical baby storage""","A tidy nursery room with timber furniture, soft lighting and practical baby storage || A tidy nursery room with timber furniture, soft lighting and practical baby storage.",9,3,reused,True,False,,,#af9c85:21% | #664a32:20% | #bdb09e:19% | #8a745b:17% | #a27e5e:14%,beige_or_cream | brown | warm_orange_grade,REPLACE,REPLACEMENT ASSET PENDING,,2,4,2,3,4,2,2.83,"A wide beige and timber nursery used across 13 routes covering babies, older children, toy storage, shared rooms and furniture anchoring. It cannot explain all of those subjects."
public/images/oil-column-heater-vs-panel-heater.webp,oil-column-heater-vs-panel-heater.webp,webp,1600,720,2.2222,82598,"route /categories/living-spaces/ [inline] alt=""An oil column heater and a wall-mounted panel heater positioned safely in adjoining bedroom and study areas"" || route /guides/oil-column-heater-vs-panel-heater/ [hero] alt=""An oil column heater and a wall-mounted panel heater positioned safely in adjoining bedroom and study areas"" || route /guides/oil-column-heater-vs-panel-heater/ [open_graph] alt=""An oil column heater and a wall-mounted panel heater positioned safely in adjoining bedroom and study areas"" || source src/pages/guides/oil-column-heater-vs-panel-heater/index.astro:54 [source_literal] alt=""An oil column heater and a wall-mounted panel heater positioned safely in adjoining bedroom and study areas"" || source src/pages/guides/oil-column-heater-vs-panel-heater/index.astro:56 [source_literal] alt=""An oil column heater and a wall-mounted panel heater positioned safely in adjoining bedroom and study areas""",An oil column heater and a wall-mounted panel heater positioned safely in adjoining bedroom and study areas,5,2,reused,False,True,,,#a18f7e:23% | #53422f:19% | #b8ab9e:19% | #756859:17% | #94775d:14%,beige_or_cream | brown,PENDING,NOT IN PHASE 1,,,,,,,,,
public/images/outdoor-garden.webp,outdoor-garden.webp,webp,900,620,1.4516,90982,"route /categories/ [inline] alt=""A warm Australian patio garden with timber seating, native greenery and soft afternoon light."" || route /categories/outdoor-garden/ [hero] alt=""A warm Australian patio garden with timber seating, native greenery and soft afternoon light"" || route / [inline] alt=""A warm Australian patio garden with outdoor seating, greenery and practical storage."" || source src/components/SimpleCategoryPage.astro:110 [source_literal] alt=""A warm Australian patio garden with timber seating, native greenery and soft afternoon light"" || source src/pages/index.astro:73 [source_literal] alt=""A warm Australian patio garden with outdoor seating, greenery and practical storage."" || source src/pages/categories/index.astro:73 [source_literal] alt=""A warm Australian patio garden with timber seating, native greenery and soft afternoon light.""","A warm Australian patio garden with outdoor seating, greenery and practical storage. || A warm Australian patio garden with timber seating, native greenery and soft afternoon light || A warm Australian patio garden with timber seating, native greenery and soft afternoon light.",6,3,reused,True,False,,,#75663b:20% | #35341d:18% | #5a4f2a:17% | #3b4631:17% | #978454:17%,dull_green | brown | warm_orange_grade,REPLACE,REPLACEMENT ASSET PENDING,,2,4,3,4,4,3,3.33,"A pleasant but heavily warm-graded courtyard reused across 13 routes. It does not show the sheds, balconies, hoses, tools, weather exposure or renter constraints described by different guides."
public/images/pet2.webp,pet2.webp,webp,1672,941,1.7768,2266108,,,0,0,unique,False,False,,,#a3886e:21% | #48301a:20% | #c2b2a0:16% | #715840:16% | #8b603e:15%,beige_or_cream | brown | warm_orange_grade,KEEP,FINAL KEEP,,4,5,3,4,4,4,4.0,Apparently unused. A credible dog-bed scene with no visible branding; retain as a possible source for a deliberately matched guide.
public/images/preparing-your-home-for-winter.webp,preparing-your-home-for-winter.webp,webp,1600,720,2.2222,97578,"route /categories/living-spaces/ [inline] alt=""An Australian living room prepared for winter with curtains, a door seal, reverse-cycle air conditioning and stored winter heating items"" || route /guides/preparing-your-home-for-winter/ [hero] alt=""An Australian living room prepared for winter with curtains, a door seal, reverse-cycle air conditioning and stored winter heating items"" || route /guides/preparing-your-home-for-winter/ [open_graph] alt=""An Australian living room prepared for winter with curtains, a door seal, reverse-cycle air conditioning and stored winter heating items"" || source src/pages/guides/preparing-your-home-for-winter/index.astro:74 [source_literal] alt=""An Australian living room prepared for winter with curtains, a door seal, reverse-cycle air conditioning and stored winter heating items"" || source src/pages/guides/preparing-your-home-for-winter/index.astro:76 [source_literal] alt=""An Australian living room prepared for winter with curtains, a door seal, reverse-cycle air conditioning and stored winter heating items""","An Australian living room prepared for winter with curtains, a door seal, reverse-cycle air conditioning and stored winter heating items",5,2,reused,False,True,,,#20160a:21% | #705943:21% | #332514:16% | #51371f:15% | #98826b:15%,brown | warm_orange_grade,PENDING,NOT IN PHASE 1,,,,,,,,,
public/images/reduce-draughts-before-buying-bigger-heater.webp,reduce-draughts-before-buying-bigger-heater.webp,webp,1600,720,2.2222,102618,"route /categories/living-spaces/ [inline] alt=""An Australian living room with a sealed external door, fitted curtains and closed internal doors to reduce winter draughts"" || route /guides/reduce-draughts-before-buying-bigger-heater/ [hero] alt=""An Australian living room with a sealed external door, fitted curtains and closed internal doors to reduce winter draughts"" || route /guides/reduce-draughts-before-buying-bigger-heater/ [open_graph] alt=""An Australian living room with a sealed external door, fitted curtains and closed internal doors to reduce winter draughts"" || source src/pages/guides/reduce-draughts-before-buying-bigger-heater/index.astro:26 [source_literal] alt=""An Australian living room with a sealed external door, fitted curtains and closed internal doors to reduce winter draughts"" || source src/pages/guides/reduce-draughts-before-buying-bigger-heater/index.astro:28 [source_literal] alt=""An Australian living room with a sealed external door, fitted curtains and closed internal doors to reduce winter draughts""","An Australian living room with a sealed external door, fitted curtains and closed internal doors to reduce winter draughts",5,2,reused,False,True,,,#a0948b:22% | #766f67:18% | #594c40:18% | #b6aea6:16% | #8d7c6f:14%,grey | beige_or_cream,PENDING,NOT IN PHASE 1,,,,,,,,,
public/images/reverse-cycle-heating-explained.webp,reverse-cycle-heating-explained.webp,webp,1600,720,2.2222,132148,"route /categories/living-spaces/ [inline] alt=""A contemporary Australian living room with reverse-cycle air conditioning, a ceiling fan and the outdoor unit visible beside the home"" || route /guides/reverse-cycle-heating-explained/ [hero] alt=""A contemporary Australian living room with reverse-cycle air conditioning, a ceiling fan and the outdoor unit visible beside the home"" || route /guides/reverse-cycle-heating-explained/ [open_graph] alt=""A contemporary Australian living room with reverse-cycle air conditioning, a ceiling fan and the outdoor unit visible beside the home"" || source src/pages/guides/reverse-cycle-heating-explained/index.astro:54 [source_literal] alt=""A contemporary Australian living room with reverse-cycle air conditioning, a ceiling fan and the outdoor unit visible beside the home"" || source src/pages/guides/reverse-cycle-heating-explained/index.astro:56 [source_literal] alt=""A contemporary Australian living room with reverse-cycle air conditioning, a ceiling fan and the outdoor unit visible beside the home""","A contemporary Australian living room with reverse-cycle air conditioning, a ceiling fan and the outdoor unit visible beside the home",5,2,reused,False,True,,,#5d5146:22% | #bcb0a8:21% | #cac2be:18% | #8d8680:14% | #ae9786:14%,grey,PENDING,NOT IN PHASE 1,,,,,,,,,
public/images/seasonal-guides.webp,seasonal-guides.webp,webp,1535,1024,1.499,449998,"route /guides/australian-made-gift-ideas-under-100/ [open_graph] alt=""Australian Home Collective Seasonal Guides for Australian homes"" || route /seasonal/ [inline] alt=""A contemporary Australian home and garden transitioning naturally through winter, spring, summer and autumn"" || route /seasonal/ [open_graph] alt=""A contemporary Australian home and garden transitioning naturally through winter, spring, summer and autumn"" || source src/data/socialImages.ts:57 [source_literal] alt=""Australian Home Collective Seasonal Guides for Australian homes"" || source src/pages/seasonal/index.astro:8 [source_literal] alt=""A contemporary Australian home and garden transitioning naturally through winter, spring, summer and autumn""","A contemporary Australian home and garden transitioning naturally through winter, spring, summer and autumn || Australian Home Collective Seasonal Guides for Australian homes",5,2,reused,False,True,,,#614a2b:22% | #d3d9de:20% | #9c7a4b:17% | #abada4:15% | #70746b:14%,grey | brown,PENDING,NOT IN PHASE 1,,,,,,,,,
public/images/shane.webp,shane.webp,webp,1122,1402,0.8003,107192,,,0,0,unique,False,False,,,#7c7154:29% | #504832:22% | #b2bbd4:17% | #c6cfe8:13% | #ab9e89:9%,brown,KEEP,FINAL KEEP,,5,5,4,4,4,5,4.5,"A credible author portrait. The automated route scan found no current use, but it should be retained."
public/images/social/bathroom.jpg,bathroom.jpg,jpg,1200,630,1.9048,89715,"route /categories/bathroom/ [open_graph] alt=""Australian Home Collective Bathroom guides - what to check before you buy"" || route /guides/bathroom-essentials-australian-homes/ [open_graph] alt=""Australian Home Collective Bathroom guides - what to check before you buy"" || route /guides/bathroom-product-storage-what-to-sort-before-buying-organisers/ [open_graph] alt=""Australian Home Collective Bathroom guides - what to check before you buy"" || route /guides/bathroom-storage-what-to-measure-and-check-before-you-buy/ [open_graph] alt=""Australian Home Collective Bathroom guides - what to check before you buy"" || route /guides/bathroom-vanity-storage-what-to-sort-before-buying-organisers/ [open_graph] alt=""Australian Home Collective Bathroom guides - what to check before you buy"" || route /guides/renter-friendly-bathroom-storage-what-to-check-before-you-buy/ [open_graph] alt=""Australian Home Collective Bathroom guides - what to check before you buy"" || route /guides/shower-storage-what-to-check-before-buying-caddies-or-shelves/ [open_graph] alt=""Australian Home Collective Bathroom guides - what to check before you buy"" || route /guides/small-bathroom-storage-what-to-check-before-buying-shelves-or-caddies/ [open_graph] alt=""Australian Home Collective Bathroom guides - what to check before you buy"" || route /guides/towel-storage-what-to-measure-before-buying-rails-hooks-or-shelves/ [open_graph] alt=""Australian Home Collective Bathroom guides - what to check before you buy"" || route /guides/under-sink-bathroom-storage-what-to-check-before-buying-organisers/ [open_graph] alt=""Australian Home Collective Bathroom guides - what to check before you buy"" || source src/data/socialImages.ts:21 [source_literal] alt=""Australian Home Collective Bathroom guides - what to check before you buy""",Australian Home Collective Bathroom guides - what to check before you buy,11,10,reused,False,True,,,#fbf5e9:39% | #a79d89:26% | #6e5f4a:23% | #ece5db:9% | #fbf5e8:2%,beige_or_cream | brown | warm_orange_grade,REPLACE,REPLACEMENT ASSET PENDING,,3,4,2,4,5,2,3.33,"Correct 1200 by 630 social ratio, but the template embeds the logo and text beside the same generic beige bathroom used throughout the category."
public/images/social/bedroom.jpg,bedroom.jpg,jpg,1200,630,1.9048,90764,"route /categories/bedroom/ [open_graph] alt=""Australian Home Collective Bedroom guides - what to check before you buy"" || route /guides/bedding-and-linen-basics-for-australian-bedrooms/ [open_graph] alt=""Australian Home Collective Bedroom guides - what to check before you buy"" || route /guides/bedroom-drawers-tallboys-and-dressers-what-to-check-before-you-buy/ [open_graph] alt=""Australian Home Collective Bedroom guides - what to check before you buy"" || route /guides/bedroom-essentials-for-a-more-comfortable-home/ [open_graph] alt=""Australian Home Collective Bedroom guides - what to check before you buy"" || route /guides/bedroom-lighting-and-window-coverings-what-to-compare-before-you-buy/ [open_graph] alt=""Australian Home Collective Bedroom guides - what to check before you buy"" || route /guides/bedroom-storage-ideas-small-australian-rooms/ [open_graph] alt=""Australian Home Collective Bedroom guides - what to check before you buy"" || route /guides/bedroom-wardrobe-organisation-what-to-sort-before-buying-storage/ [open_graph] alt=""Australian Home Collective Bedroom guides - what to check before you buy"" || route /guides/bedside-table-setup-what-to-check-before-you-buy/ [open_graph] alt=""Australian Home Collective Bedroom guides - what to check before you buy"" || route /guides/mattress-sizes-australia/ [open_graph] alt=""Australian Home Collective Bedroom guides - what to check before you buy"" || route /guides/under-bed-storage-what-to-measure-before-you-buy/ [open_graph] alt=""Australian Home Collective Bedroom guides - what to check before you buy"" || source src/data/socialImages.ts:25 [source_literal] alt=""Australian Home Collective Bedroom guides - what to check before you buy""",Australian Home Collective Bedroom guides - what to check before you buy,11,10,reused,False,True,,,#fbf5e9:42% | #a8a598:16% | #756b59:14% | #908b7c:12% | #504331:11%,grey | beige_or_cream | brown,REPLACE,REPLACEMENT ASSET PENDING,,3,4,2,4,5,2,3.33,"Correct social ratio, but the templated logo and headline sit beside the same generic neutral bedroom used across the category."
public/images/social/garage-storage.jpg,garage-storage.jpg,jpg,1200,630,1.9048,107100,"route /guides/garage-shelving-what-to-measure-before-buying-storage-units/ [open_graph] alt=""Australian Home Collective Garage Storage guides - what to check before you buy"" || route /guides/garage-storage-tubs-what-to-sort-before-buying-more-containers/ [open_graph] alt=""Australian Home Collective Garage Storage guides - what to check before you buy"" || route /guides/garage-storage-what-to-measure-and-check-before-you-buy/ [open_graph] alt=""Australian Home Collective Garage Storage guides - what to check before you buy"" || route /guides/garage-tool-storage-what-to-sort-before-buying-cabinets-or-pegboards/ [open_graph] alt=""Australian Home Collective Garage Storage guides - what to check before you buy"" || route /guides/garage-wall-storage-what-to-check-before-buying-hooks-rails-or-panels/ [open_graph] alt=""Australian Home Collective Garage Storage guides - what to check before you buy"" || route /guides/renter-friendly-garage-storage-what-to-check-before-you-buy/ [open_graph] alt=""Australian Home Collective Garage Storage guides - what to check before you buy"" || route /guides/small-garage-storage-what-to-check-before-buying-shelves-or-racks/ [open_graph] alt=""Australian Home Collective Garage Storage guides - what to check before you buy"" || route /guides/sports-gear-storage-what-to-check-before-buying-hooks-racks-or-bins/ [open_graph] alt=""Australian Home Collective Garage Storage guides - what to check before you buy"" || source src/data/socialImages.ts:45 [source_literal] alt=""Australian Home Collective Garage Storage guides - what to check before you buy"" || source src/data/socialImages.ts:49 [source_literal] alt=""Australian Home Collective Garage Storage guides - what to check before you buy""",Australian Home Collective Garage Storage guides - what to check before you buy,10,8,reused,False,True,,,#fbf5e9:38% | #423b33:21% | #8d8277:18% | #9e9890:15% | #e2dcd1:5%,grey | beige_or_cream | brown,REPLACE,REPLACEMENT ASSET PENDING,,4,4,2,4,5,3,3.67,"Correct social ratio and relevant scene, but it retains the same text-heavy category template and dark generic crop."
public/images/social/home-office.jpg,home-office.jpg,jpg,1200,630,1.9048,94949,"route /categories/home-office/ [open_graph] alt=""Australian Home Collective Home Office guides - what to check before you buy"" || route /guides/home-office-cable-management-what-to-plan-before-buying-organisers/ [open_graph] alt=""Australian Home Collective Home Office guides - what to check before you buy"" || route /guides/home-office-chair-and-seating-what-to-check-before-you-buy/ [open_graph] alt=""Australian Home Collective Home Office guides - what to check before you buy"" || route /guides/home-office-desk-setup-what-to-measure-before-you-buy/ [open_graph] alt=""Australian Home Collective Home Office guides - what to check before you buy"" || route /guides/home-office-lighting-what-to-compare-before-you-buy/ [open_graph] alt=""Australian Home Collective Home Office guides - what to check before you buy"" || route /guides/home-office-setup-ideas-small-spaces/ [open_graph] alt=""Australian Home Collective Home Office guides - what to check before you buy"" || route /guides/home-office-storage-for-paperwork-tech-and-supplies-what-to-plan-before-buying/ [open_graph] alt=""Australian Home Collective Home Office guides - what to check before you buy"" || route /guides/home-office-video-call-background-and-desk-zone-setup-what-to-plan-before-buying/ [open_graph] alt=""Australian Home Collective Home Office guides - what to check before you buy"" || route /guides/shared-home-office-spaces-how-to-set-up-without-taking-over-the-room/ [open_graph] alt=""Australian Home Collective Home Office guides - what to check before you buy"" || source src/data/socialImages.ts:33 [source_literal] alt=""Australian Home Collective Home Office guides - what to check before you buy""",Australian Home Collective Home Office guides - what to check before you buy,10,9,reused,False,True,,,#fbf5e9:38% | #a78e73:26% | #534129:24% | #e7ded1:8% | #faf5e8:4%,beige_or_cream | brown | warm_orange_grade,REPLACE,REPLACEMENT ASSET PENDING,,3,4,2,4,5,2,3.33,"Correct social ratio, but the embedded template text and generic timber desk repeat the weak category fallback."
public/images/social/kitchen.jpg,kitchen.jpg,jpg,1200,630,1.9048,89536,"route /categories/kitchen/ [open_graph] alt=""Australian Home Collective Kitchen guides - what to check before you buy"" || route /guides/best-kitchen-storage-ideas-small-australian-homes/ [open_graph] alt=""Australian Home Collective Kitchen guides - what to check before you buy"" || route /guides/coffee-machine-types-australia/ [open_graph] alt=""Australian Home Collective Kitchen guides - what to check before you buy"" || route /guides/cookware-materials-compared/ [open_graph] alt=""Australian Home Collective Kitchen guides - what to check before you buy"" || route /guides/dishwasher-sizes-australia/ [open_graph] alt=""Australian Home Collective Kitchen guides - what to check before you buy"" || route /guides/everyday-kitchen-essentials-australian-homes/ [open_graph] alt=""Australian Home Collective Kitchen guides - what to check before you buy"" || route /guides/fridge-dimensions-australia/ [open_graph] alt=""Australian Home Collective Kitchen guides - what to check before you buy"" || route /guides/kitchen-bench-space-what-to-clear-before-buying-more-storage/ [open_graph] alt=""Australian Home Collective Kitchen guides - what to check before you buy"" || route /guides/kitchen-container-storage-what-to-sort-before-buying-more-containers/ [open_graph] alt=""Australian Home Collective Kitchen guides - what to check before you buy"" || route /guides/kitchen-drawer-storage-what-to-measure-before-buying-organisers/ [open_graph] alt=""Australian Home Collective Kitchen guides - what to check before you buy"" || route /guides/pantry-storage-ideas-australian-kitchens/ [open_graph] alt=""Australian Home Collective Kitchen guides - what to check before you buy"" || route /guides/pantry-storage-what-to-measure-before-buying-organisers/ [open_graph] alt=""Australian Home Collective Kitchen guides - what to check before you buy"" || route /guides/renter-friendly-kitchen-storage-what-to-check-before-you-buy/ [open_graph] alt=""Australian Home Collective Kitchen guides - what to check before you buy"" || route /guides/small-kitchen-appliances-what-to-check-before-you-buy/ [open_graph] alt=""Australian Home Collective Kitchen guides - what to check before you buy"" || route /guides/under-sink-kitchen-storage-what-to-check-before-you-buy/ [open_graph] alt=""Australian Home Collective Kitchen guides - what to check before you buy"" || source src/data/socialImages.ts:13 [source_literal] alt=""Australian Home Collective Kitchen guides - what to check before you buy""",Australian Home Collective Kitchen guides - what to check before you buy,16,15,reused,False,True,,,#fbf5e9:39% | #5c4b36:25% | #ab9d87:25% | #ebe5da:9% | #faf5e9:2%,beige_or_cream | brown | warm_orange_grade,REPLACE,REPLACEMENT ASSET PENDING,,3,4,2,4,5,2,3.33,The most reused category social image. It is technically the right ratio but repeats the beige kitchen and relies on embedded branding and category text.
public/images/social/laundry.jpg,laundry.jpg,jpg,1200,630,1.9048,98442,"route /categories/laundry/ [open_graph] alt=""Australian Home Collective Laundry guides - what to check before you buy"" || route /guides/cleaning-product-storage-what-to-check-before-buying-cabinets-or-caddies/ [open_graph] alt=""Australian Home Collective Laundry guides - what to check before you buy"" || route /guides/heat-pump-vs-condenser-vs-vented-dryers/ [open_graph] alt=""Australian Home Collective Laundry guides - what to check before you buy"" || route /guides/laundry-basket-storage-what-to-sort-before-buying-hampers-or-sorters/ [open_graph] alt=""Australian Home Collective Laundry guides - what to check before you buy"" || route /guides/laundry-drying-space-what-to-measure-before-buying-airers-or-racks/ [open_graph] alt=""Australian Home Collective Laundry guides - what to check before you buy"" || route /guides/laundry-essentials-australian-homes/ [open_graph] alt=""Australian Home Collective Laundry guides - what to check before you buy"" || route /guides/laundry-storage-what-to-measure-and-check-before-you-buy/ [open_graph] alt=""Australian Home Collective Laundry guides - what to check before you buy"" || route /guides/laundry-tub-storage-what-to-check-before-buying-under-sink-organisers/ [open_graph] alt=""Australian Home Collective Laundry guides - what to check before you buy"" || route /guides/lower-waste-laundry-essentials/ [open_graph] alt=""Australian Home Collective Laundry guides - what to check before you buy"" || route /guides/renter-friendly-laundry-storage-what-to-check-before-you-buy/ [open_graph] alt=""Australian Home Collective Laundry guides - what to check before you buy"" || route /guides/small-laundry-storage-what-to-check-before-buying-organisers/ [open_graph] alt=""Australian Home Collective Laundry guides - what to check before you buy"" || route /guides/washing-machine-and-dryer-space-what-to-measure-before-buying-storage/ [open_graph] alt=""Australian Home Collective Laundry guides - what to check before you buy"" || source src/data/socialImages.ts:17 [source_literal] alt=""Australian Home Collective Laundry guides - what to check before you buy""",Australian Home Collective Laundry guides - what to check before you buy,13,12,reused,False,True,,,#fbf5e9:39% | #685c4c:19% | #a39483:18% | #bdb2a4:16% | #eae3d9:5%,grey | beige_or_cream | brown,REPLACE,REPLACEMENT ASSET PENDING,,3,4,2,4,5,2,3.33,"Correct social ratio, but the text-heavy template and generic grey laundry repeat across a large category."
public/images/social/living-spaces.jpg,living-spaces.jpg,jpg,1200,630,1.9048,93967,"route /categories/living-spaces/ [open_graph] alt=""Australian Home Collective Living Spaces guides - what to check before you buy"" || route /guides/cordless-stick-vacuums-australia/ [open_graph] alt=""Australian Home Collective Living Spaces guides - what to check before you buy"" || route /guides/living-room-cable-management-what-to-plan-before-buying-organisers/ [open_graph] alt=""Australian Home Collective Living Spaces guides - what to check before you buy"" || route /guides/living-room-lighting-ideas-for-australian-homes/ [open_graph] alt=""Australian Home Collective Living Spaces guides - what to check before you buy"" || route /guides/living-room-rug-size-and-placement-what-to-check-before-you-buy/ [open_graph] alt=""Australian Home Collective Living Spaces guides - what to check before you buy"" || route /guides/living-room-storage-ideas-everyday-australian-homes/ [open_graph] alt=""Australian Home Collective Living Spaces guides - what to check before you buy"" || route /guides/robot-vacuum-buying-guide-australia/ [open_graph] alt=""Australian Home Collective Living Spaces guides - what to check before you buy"" || route /guides/side-tables-coffee-tables-and-console-tables-what-to-compare-before-you-buy/ [open_graph] alt=""Australian Home Collective Living Spaces guides - what to check before you buy"" || route /guides/sofa-and-seating-layout-what-to-measure-before-buying-furniture/ [open_graph] alt=""Australian Home Collective Living Spaces guides - what to check before you buy"" || route /guides/toy-blanket-and-everyday-clutter-control-for-living-rooms/ [open_graph] alt=""Australian Home Collective Living Spaces guides - what to check before you buy"" || route /guides/tv-unit-and-media-storage-what-to-measure-before-you-buy/ [open_graph] alt=""Australian Home Collective Living Spaces guides - what to check before you buy"" || source src/data/socialImages.ts:29 [source_literal] alt=""Australian Home Collective Living Spaces guides - what to check before you buy""",Australian Home Collective Living Spaces guides - what to check before you buy,12,11,reused,False,True,,,#fbf5e9:38% | #b6aa96:25% | #69553f:23% | #f0ebe3:12% | #fbf5e8:2%,grey | beige_or_cream | brown | warm_orange_grade,REPLACE,REPLACEMENT ASSET PENDING,,3,4,2,4,5,2,3.33,"Correct social ratio, but the embedded template and beige living-room crop add to the publication-wide repetition."
public/images/social/nursery-kids.jpg,nursery-kids.jpg,jpg,1200,630,1.9048,111536,"route /categories/nursery-kids/ [open_graph] alt=""Australian Home Collective Nursery and Kids guides - what to check before you buy"" || route /guides/baby-bath-time-essentials/ [open_graph] alt=""Australian Home Collective Nursery and Kids guides - what to check before you buy"" || route /guides/baby-monitors-australia/ [open_graph] alt=""Australian Home Collective Nursery and Kids guides - what to check before you buy"" || route /guides/baby-outing-essentials-what-to-pack-before-leaving-the-house/ [open_graph] alt=""Australian Home Collective Nursery and Kids guides - what to check before you buy"" || route /guides/bassinet-vs-cot/ [open_graph] alt=""Australian Home Collective Nursery and Kids guides - what to check before you buy"" || route /guides/kids-play-and-toy-storage-what-to-plan-before-buying/ [open_graph] alt=""Australian Home Collective Nursery and Kids guides - what to check before you buy"" || route /guides/nappy-change-station-checklist/ [open_graph] alt=""Australian Home Collective Nursery and Kids guides - what to check before you buy"" || route /guides/newborn-essentials/ [open_graph] alt=""Australian Home Collective Nursery and Kids guides - what to check before you buy"" || route /guides/nursery-essentials-for-australian-homes/ [open_graph] alt=""Australian Home Collective Nursery and Kids guides - what to check before you buy"" || route /guides/nursery-storage-small-rooms/ [open_graph] alt=""Australian Home Collective Nursery and Kids guides - what to check before you buy"" || source src/data/socialImages.ts:41 [source_literal] alt=""Australian Home Collective Nursery and Kids guides - what to check before you buy""",Australian Home Collective Nursery and Kids guides - what to check before you buy,11,10,reused,False,True,,,#fbf5e9:38% | #afa28e:26% | #775f47:24% | #e9e3d8:8% | #faf5e9:2%,beige_or_cream | brown | warm_orange_grade,REPLACE,REPLACEMENT ASSET PENDING,,3,4,2,4,5,2,3.33,"Correct social ratio, but the embedded template repeats the same beige nursery crop used across unrelated age groups and topics."
public/images/social/outdoor-garden.jpg,outdoor-garden.jpg,jpg,1200,630,1.9048,120116,"route /categories/outdoor-garden/ [open_graph] alt=""Australian Home Collective Outdoor and Garden guides - what to check before you buy"" || route /guides/balcony-and-courtyard-garden-setup-what-to-plan-before-buying-pots-and-planters/ [open_graph] alt=""Australian Home Collective Outdoor and Garden guides - what to check before you buy"" || route /guides/barbecue-area-setup-what-to-measure-before-buying-outdoor-cooking-gear/ [open_graph] alt=""Australian Home Collective Outdoor and Garden guides - what to check before you buy"" || route /guides/garden-tool-care-and-seasonal-outdoor-reset/ [open_graph] alt=""Australian Home Collective Outdoor and Garden guides - what to check before you buy"" || route /guides/outdoor-dining-area-setup-what-to-measure-before-buying-furniture/ [open_graph] alt=""Australian Home Collective Outdoor and Garden guides - what to check before you buy"" || route /guides/outdoor-entertaining-area-setup-what-to-plan-before-buying-extra-furniture-and-accessories/ [open_graph] alt=""Australian Home Collective Outdoor and Garden guides - what to check before you buy"" || route /guides/outdoor-lounge-area-setup-what-to-measure-before-buying-seating/ [open_graph] alt=""Australian Home Collective Outdoor and Garden guides - what to check before you buy"" || route /guides/outdoor-shade-setup-for-patios-and-backyards-what-to-check-before-buying/ [open_graph] alt=""Australian Home Collective Outdoor and Garden guides - what to check before you buy"" || route /guides/outdoor-storage-for-small-australian-backyards-what-to-plan-before-buying/ [open_graph] alt=""Australian Home Collective Outdoor and Garden guides - what to check before you buy"" || route /guides/outdoor-storage-ideas-australian-patios-balconies-gardens/ [open_graph] alt=""Australian Home Collective Outdoor and Garden guides - what to check before you buy"" || source src/data/socialImages.ts:53 [source_literal] alt=""Australian Home Collective Outdoor and Garden guides - what to check before you buy""",Australian Home Collective Outdoor and Garden guides - what to check before you buy,11,10,reused,False,True,,,#fbf5e9:37% | #424029:28% | #867956:21% | #e7e1d4:9% | #fbf5e8:4%,beige_or_cream | dull_green | brown | warm_orange_grade,REPLACE,REPLACEMENT ASSET PENDING,,3,4,3,4,5,3,3.67,"Correct social ratio, but the embedded template and warm-graded generic courtyard do not represent the varied outdoor guides."
public/images/social/pets.jpg,pets.jpg,jpg,1200,630,1.9048,135062,"route /categories/pets/ [open_graph] alt=""Australian Home Collective Pets guides - what to check before you buy"" || route /guides/cat-litter-tray-setup-what-to-plan-before-you-buy/ [open_graph] alt=""Australian Home Collective Pets guides - what to check before you buy"" || route /guides/how-to-choose-the-right-dog-bed-for-your-home/ [open_graph] alt=""Australian Home Collective Pets guides - what to check before you buy"" || route /guides/new-puppy-essentials/ [open_graph] alt=""Australian Home Collective Pets guides - what to check before you buy"" || route /guides/pet-cleaning-supplies-what-to-check-before-buying-cleaning-gear/ [open_graph] alt=""Australian Home Collective Pets guides - what to check before you buy"" || route /guides/pet-essentials-for-australian-homes/ [open_graph] alt=""Australian Home Collective Pets guides - what to check before you buy"" || route /guides/pet-feeding-station-ideas-for-australian-homes/ [open_graph] alt=""Australian Home Collective Pets guides - what to check before you buy"" || route /guides/pet-food-storage-what-to-check-before-buying-containers/ [open_graph] alt=""Australian Home Collective Pets guides - what to check before you buy"" || route /guides/pet-gates-barriers-and-room-separation-what-to-check-before-you-buy/ [open_graph] alt=""Australian Home Collective Pets guides - what to check before you buy"" || route /guides/pet-travel-essentials-what-to-check-before-buying-car-travel-gear/ [open_graph] alt=""Australian Home Collective Pets guides - what to check before you buy"" || route /guides/rental-friendly-pet-setup-what-to-check-before-buying-pet-gear/ [open_graph] alt=""Australian Home Collective Pets guides - what to check before you buy"" || source src/data/socialImages.ts:37 [source_literal] alt=""Australian Home Collective Pets guides - what to check before you buy""",Australian Home Collective Pets guides - what to check before you buy,12,11,reused,False,True,,,#c6b7a4:27% | #69502f:22% | #9e8c74:15% | #d1c4b3:15% | #dcdad7:12%,beige_or_cream | brown | warm_orange_grade,KEEP,TEMPORARY SAFE FALLBACK,No new image was created during the repository repair. The Pets social image was produced as a deterministic 1200 by 630 derivative of an approved source image supplied to the project. No stock or branded photography was introduced.,4,5,3,4,5,4,4.17,A safe temporary 1200 by 630 crop of the approved household dog zone. The permanent social treatment should be reviewed again after the final pet category asset is approved.
public/images/social-sharing.png,social-sharing.png,png,1200,630,1.9048,212839,"route /404.html [open_graph] alt=""Australian Home Collective - practical guidance before you buy"" || route /about/ [open_graph] alt=""Australian Home Collective - practical guidance before you buy"" || route /affiliate-disclosure/ [open_graph] alt=""Australian Home Collective - practical guidance before you buy"" || route /australian-status-labels/ [open_graph] alt=""Australian Home Collective - practical guidance before you buy"" || route /categories/garage-storage/ [open_graph] alt=""Australian Home Collective - practical guidance before you buy"" || route /categories/ [open_graph] alt=""Australian Home Collective - practical guidance before you buy"" || route /contact/ [open_graph] alt=""Australian Home Collective - practical guidance before you buy"" || route /corrections-content-review-policy/ [open_graph] alt=""Australian Home Collective - practical guidance before you buy"" || route /editorial-standards/ [open_graph] alt=""Australian Home Collective - practical guidance before you buy"" || route /guides/baby-change-station-setup-what-to-check-before-you-buy/ [open_graph] alt=""Australian Home Collective - practical guidance before you buy"" || route /guides/bathroom-storage-products-worth-considering/ [open_graph] alt=""Australian Home Collective - practical guidance before you buy"" || route /guides/garage-storage-ideas-busy-australian-homes/ [open_graph] alt=""Australian Home Collective - practical guidance before you buy"" || route /guides/ [open_graph] alt=""Australian Home Collective - practical guidance before you buy"" || route /guides/laundry-organisation-ideas-that-save-space/ [open_graph] alt=""Australian Home Collective - practical guidance before you buy"" || route /guides/pet-friendly-home-products-for-australian-households/ [open_graph] alt=""Australian Home Collective - practical guidance before you buy"" || route /how-we-select-products/ [open_graph] alt=""Australian Home Collective - practical guidance before you buy"" || route / [open_graph] alt=""Australian Home Collective - practical guidance before you buy"" || route /our-approach/ [open_graph] alt=""Australian Home Collective - practical guidance before you buy"" || route /privacy-policy/ [open_graph] alt=""Australian Home Collective - practical guidance before you buy"" || route /search/ [open_graph] alt=""Australian Home Collective - practical guidance before you buy"" || source src/data/socialImages.ts:7 [source_literal] alt=""Australian Home Collective - practical guidance before you buy"" || source src/layouts/BaseLayout.astro:28 [source_literal] alt=""Australian Home Collective - practical guidance before you buy""",Australian Home Collective - practical guidance before you buy,22,20,reused,False,True,,,#fbf4e9:37% | #403627:26% | #a2907c:25% | #e6dfd3:8% | #fbf4e8:3%,beige_or_cream | brown,KEEP,FINAL KEEP,,4,5,3,5,5,4,4.33,A deliberate publication-level fallback at the correct 1200 by 630 ratio. The wordmark is appropriate here because the asset’s purpose is brand sharing rather than article illustration.
public/images/spring-cleaning-checklist.webp,spring-cleaning-checklist.webp,webp,1600,720,2.2222,100270,"route /categories/living-spaces/ [inline] alt=""A bright Australian living area prepared for spring cleaning with a vacuum, cleaning caddy, cloths and sorting basket"" || route /guides/spring-cleaning-checklist/ [hero] alt=""A bright Australian living area prepared for spring cleaning with a vacuum, cleaning caddy, cloths and sorting basket"" || route /guides/spring-cleaning-checklist/ [open_graph] alt=""A bright Australian living area prepared for spring cleaning with a vacuum, cleaning caddy, cloths and sorting basket"" || source src/pages/guides/spring-cleaning-checklist/index.astro:54 [source_literal] alt=""A bright Australian living area prepared for spring cleaning with a vacuum, cleaning caddy, cloths and sorting basket"" || source src/pages/guides/spring-cleaning-checklist/index.astro:56 [source_literal] alt=""A bright Australian living area prepared for spring cleaning with a vacuum, cleaning caddy, cloths and sorting basket""","A bright Australian living area prepared for spring cleaning with a vacuum, cleaning caddy, cloths and sorting basket",5,2,reused,False,True,,,#b7a895:24% | #795a3e:20% | #a09382:19% | #c8bfab:13% | #ede8db:12%,grey | beige_or_cream | brown | warm_orange_grade,PENDING,NOT IN PHASE 1,,,,,,,,,
